{"stats":{"minecraft:custom":{"minecraft:interact_with_crafting_table":32,"minecraft:open_barrel":103,"minecraft:eat_cake_slice":20,"minecraft:leave_game":9,"minecraft:time_since_death":4127,"minecraft:sprint_one_cm":613076,"minecraft:damage_blocked_by_shield":5328,"minecraft:drop":192,"minecraft:play_time":332714,"minecraft:deaths":26,"minecraft:jump":3776,"minecraft:walk_on_water_one_cm":96279,"minecraft:interact_with_furnace":12,"minecraft:sleep_in_bed":9,"minecraft:damage_dealt":11181,"minecraft:player_kills":1,"minecraft:crouch_one_cm":5367,"minecraft:mob_kills":60,"minecraft:interact_with_campfire":2,"minecraft:climb_one_cm":9064,"minecraft:walk_one_cm":790060,"minecraft:sneak_time":3974,"minecraft:walk_under_water_one_cm":55445,"minecraft:boat_one_cm":241331,"minecraft:interact_with_blast_furnace":3,"minecraft:total_world_time":332714,"minecraft:interact_with_stonecutter":1,"minecraft:time_since_rest":4160,"minecraft:damage_taken":13645,"minecraft:swim_one_cm":36575,"minecraft:fly_one_cm":535317,"minecraft:open_chest":71,"minecraft:fall_one_cm":77953},"minecraft:dropped":{"minecraft:iron_sword":1,"minecraft:moss_block":7,"minecraft:birch_planks":13,"minecraft:stripped_mangrove_wood":1,"minecraft:warped_roots":2,"minecraft:iron_horse_armor":1,"minecraft:item_frame":1,"minecraft:dirt":21,"minecraft:dark_oak_fence":1,"minecraft:cornflower":1,"minecraft:chain":2,"gravestone:obituary":31,"minecraft:gold_nugget":5,"minecraft:amethyst_shard":4,"minecraft:glistering_melon_slice":8,"minecraft:dark_oak_planks":19,"minecraft:bone":3,"minecraft:gold_ingot":21,"minecraft:note_block":3,"minecraft:sugar_cane":1,"minecraft:golden_chestplate":1,"minecraft:beetroot":16,"minecraft:rotten_flesh":16,"minecraft:oak_planks":3,"minecraft:cooked_mutton":1,"supplementaries:ash":8,"minecraft:gunpowder":2,"minecraft:birch_door":1,"minecraft:red_nether_bricks":5,"minecraft:iron_bars":2,"minecraft:arrow":5,"minecraft:stone_brick_stairs":1,"minecraft:water_bucket":1,"minecraft:bread":18,"minecraft:purple_terracotta":5,"minecraft:oak_slab":24,"minecraft:wheat_seeds":10,"minecraft:mangrove_trapdoor":1,"minecraft:feather":1,"minecraft:cobblestone":11,"minecraft:book":3,"minecraft:spruce_stairs":4,"minecraft:coal":10,"minecraft:stick":17,"minecraft:polished_andesite":2,"minecraft:blue_dye":1,"minecraft:ink_sac":5,"minecraft:torch":1,"minecraft:wooden_axe":1,"minecraft:melon_slice":107,"minecraft:potion":2,"minecraft:iron_leggings":1,"minecraft:oak_stairs":1,"minecraft:string":1,"minecraft:tripwire_hook":2,"minecraft:bucket":2,"minecraft:spruce_sapling":1,"minecraft:nether_brick_slab":2,"minecraft:player_head":3,"minecraft:dark_oak_sign":2,"minecraft:bowl":5,"minecraft:stone_shovel":1,"minecraft:clay_ball":19,"minecraft:iron_boots":1,"minecraft:blast_furnace":1,"minecraft:big_dripleaf":2,"supplementaries:quiver":1,"minecraft:flower_pot":6,"aether:iron_gloves":7,"minecraft:spruce_planks":2,"aether:diamond_gloves":1,"minecraft:andesite":3,"minecraft:birch_sign":2,"minecraft:stone_bricks":7,"minecraft:bow":1,"minecraft:wooden_pickaxe":1,"minecraft:calcite":18,"minecraft:cyan_bed":1},"minecraft:picked_up":{"minecraft:iron_chestplate":1,"minecraft:flower_pot":7,"minecraft:lead":1,"minecraft:stone_slab":2,"minecraft:diamond_sword":1,"aether:iron_gloves":10,"minecraft:oak_stairs":1,"minecraft:stone_brick_stairs":1,"minecraft:brewing_stand":1,"minecraft:polished_deepslate_wall":1,"minecraft:polished_deepslate":3,"minecraft:string":21,"minecraft:waxed_cut_copper_slab":1,"minecraft:raw_copper":1,"aether:diamond_gloves":3,"minecraft:red_nether_bricks":5,"minecraft:experience_bottle":38,"minecraft:beetroot":16,"minecraft:spruce_planks":24,"minecraft:azalea":2,"minecraft:calcite":15,"minecraft:melon_slice":114,"minecraft:coal_block":3,"minecraft:furnace":1,"minecraft:iron_boots":2,"minecraft:dark_oak_door":2,"minecraft:stick":28,"minecraft:big_dripleaf":2,"minecraft:torch":11,"minecraft:acacia_log":28,"minecraft:spruce_stairs":2,"minecraft:porkchop":1,"minecraft:pointed_dripstone":3,"minecraft:rotten_flesh":15,"minecraft:carved_pumpkin":1,"supplementaries:quiver":1,"supplementaries:ash":9,"minecraft:iron_bars":3,"minecraft:snowball":86,"minecraft:cobblestone":175,"minecraft:birch_log":10,"minecraft:feather":1,"minecraft:water_bucket":5,"minecraft:andesite":11,"minecraft:potato":1,"minecraft:acacia_boat":2,"minecraft:magenta_terracotta":4,"minecraft:dirt":43,"minecraft:bone":9,"minecraft:bow":3,"minecraft:gray_terracotta":3,"minecraft:wheat_seeds":10,"minecraft:dark_oak_sign":2,"minecraft:cyan_candle":9,"minecraft:moss_block":20,"minecraft:oak_planks":10,"minecraft:music_disc_13":1,"minecraft:sand":28,"minecraft:stripped_spruce_log":6,"minecraft:ink_sac":5,"minecraft:cyan_bed":7,"minecraft:dark_oak_log":19,"minecraft:barrel":6,"minecraft:mossy_cobblestone":2,"minecraft:dark_prismarine":4,"minecraft:polished_andesite":4,"minecraft:soul_lantern":4,"minecraft:golden_apple":1,"minecraft:emerald":4,"minecraft:bread":46,"minecraft:oak_sapling":34,"minecraft:dark_oak_fence":3,"minecraft:bricks":15,"minecraft:charcoal":2,"minecraft:crafting_table":8,"minecraft:chicken":2,"minecraft:clay_ball":19,"minecraft:orange_banner":1,"minecraft:chain":2,"gravestone:obituary":13,"minecraft:shield":1,"minecraft:cornflower":7,"minecraft:iron_axe":2,"minecraft:item_frame":3,"minecraft:player_head":2,"minecraft:sugar_cane":1,"supplementaries:rope":3,"minecraft:dark_oak_sapling":11,"minecraft:raw_iron":9,"minecraft:stripped_mangrove_wood":1,"minecraft:bowl":1,"minecraft:carrot":19,"minecraft:mangrove_trapdoor":1,"minecraft:iron_horse_armor":1,"minecraft:purple_terracotta":8,"minecraft:dark_oak_planks":6,"minecraft:arrow":59,"minecraft:stone_shovel":2,"minecraft:pumpkin_pie":2,"minecraft:hay_block":31,"minecraft:black_banner":1,"minecraft:totem_of_undying":2,"minecraft:glistering_melon_slice":6,"minecraft:gold_ingot":38,"minecraft:glow_berries":1,"minecraft:white_wool":3,"minecraft:tripwire_hook":2,"minecraft:glow_ink_sac":9,"minecraft:red_glazed_terracotta":1,"alexsmobs:acacia_blossom":3,"minecraft:birch_planks":32,"supplementaries:rope_arrow":1,"minecraft:oak_log":70,"minecraft:chainmail_chestplate":1,"minecraft:gunpowder":4,"minecraft:blue_bed":3,"minecraft:white_banner":1,"minecraft:cooked_mutton":4,"minecraft:apple":7,"minecraft:stone_bricks":18,"minecraft:spruce_wood":1,"minecraft:iron_ingot":22,"minecraft:cooked_chicken":3,"minecraft:flowering_azalea":3,"minecraft:acacia_sapling":9,"minecraft:book":6,"minecraft:oak_slab":12,"minecraft:pumpkin":32,"minecraft:sweet_berries":39,"minecraft:amethyst_shard":4,"minecraft:spruce_sapling":2,"minecraft:blast_furnace":7,"minecraft:nether_brick_slab":2,"minecraft:spider_eye":1,"minecraft:chainmail_leggings":1,"minecraft:iron_helmet":1,"minecraft:warped_roots":3,"minecraft:terracotta":3,"minecraft:coal":55},"minecraft:used":{"minecraft:moss_block":5,"minecraft:diamond_hoe":22,"minecraft:chest":1,"minecraft:shield":125,"minecraft:iron_sword":147,"minecraft:carrot":43,"minecraft:acacia_sapling":9,"minecraft:axolotl_bucket":3,"minecraft:snowball":85,"minecraft:stripped_spruce_log":3,"minecraft:spruce_boat":1,"minecraft:bricks":6,"minecraft:spruce_wood":1,"minecraft:stone_bricks":11,"minecraft:bow":55,"minecraft:sweet_berries":49,"minecraft:oak_sapling":7,"minecraft:furnace":1,"minecraft:gold_block":1,"minecraft:dark_oak_sapling":11,"minecraft:stone_pickaxe":266,"minecraft:oak_planks":2,"minecraft:wooden_pickaxe":20,"minecraft:blue_bed":3,"alexscaves:cave_book":1,"minecraft:mushroom_stew":3,"minecraft:purple_terracotta":3,"minecraft:melon_slice":7,"minecraft:bread":88,"minecraft:cyan_bed":5,"minecraft:soul_lantern":2,"minecraft:diamond_sword":191,"minecraft:bone_meal":9,"minecraft:iron_bars":1,"minecraft:stone_sword":124,"minecraft:carved_pumpkin":1,"minecraft:stone_shovel":44,"minecraft:spruce_planks":3,"minecraft:cooked_chicken":3,"minecraft:stick":1,"minecraft:torch":39,"minecraft:chainmail_chestplate":1,"minecraft:golden_chestplate":1,"minecraft:dark_oak_planks":37,"minecraft:wooden_axe":7,"minecraft:iron_axe":145,"minecraft:barrel":9,"minecraft:waxed_cut_copper_slab":1,"minecraft:cooked_mutton":5,"minecraft:acacia_boat":2,"minecraft:water_bucket":9,"minecraft:polished_andesite":1,"minecraft:birch_boat":1,"minecraft:terracotta":2,"minecraft:crafting_table":12,"minecraft:birch_sign":1,"minecraft:campfire":1,"minecraft:cod":1,"minecraft:cake":5,"minecraft:dark_oak_door":4,"minecraft:oak_log":1,"minecraft:gray_terracotta":3,"minecraft:dark_prismarine":4,"minecraft:apple":10,"minecraft:iron_pickaxe":196,"minecraft:stone_slab":1,"minecraft:spruce_sapling":2,"minecraft:stone_axe":67,"minecraft:cobblestone":98,"minecraft:cooked_porkchop":1,"minecraft:bucket":12,"minecraft:pumpkin_pie":2},"minecraft:killed":{"minecraft:cave_spider":5,"minecraft:spider":2,"minecraft:skeleton":12,"minecraft:chicken":2,"minecraft:illusioner":1,"minecraft:pig":1,"minecraft:zombie_villager":1,"minecraft:sheep":1,"minecraft:pillager":4,"minecraft:zombie":15,"minecraft:glow_squid":4,"minecraft:vindicator":7,"minecraft:drowned":3,"minecraft:husk":2},"minecraft:killed_by":{"minecraft:evoker":1},"minecraft:broken":{"minecraft:iron_chestplate":1,"minecraft:stone_pickaxe":2,"minecraft:shield":2,"minecraft:iron_axe":1},"minecraft:mined":{"minecraft:dark_oak_planks":13,"minecraft:waxed_cut_copper_slab":7,"minecraft:large_amethyst_bud":2,"minecraft:spruce_planks":13,"minecraft:oak_sapling":1,"minecraft:red_nether_bricks":5,"minecraft:brewing_stand":1,"minecraft:carved_pumpkin":1,"minecraft:cave_vines_plant":2,"minecraft:granite":1,"minecraft:grass_block":11,"minecraft:coal_block":3,"minecraft:spawner":4,"minecraft:iron_ore":11,"minecraft:fire":1,"minecraft:barrel":6,"minecraft:pumpkin":21,"minecraft:pointed_dripstone":4,"supplementaries:stick":1,"minecraft:cave_vines":5,"minecraft:iron_bars":3,"minecraft:spruce_wood":1,"minecraft:azalea":6,"minecraft:stripped_mangrove_wood":2,"minecraft:player_head":1,"minecraft:medium_amethyst_bud":1,"minecraft:amethyst_cluster":1,"minecraft:soul_lantern":4,"minecraft:clay":3,"minecraft:torch":2,"minecraft:blast_furnace":7,"minecraft:calcite":25,"minecraft:melon":16,"minecraft:nether_brick_slab":1,"minecraft:cobblestone":18,"minecraft:cyan_bed":6,"minecraft:oak_planks":9,"minecraft:bricks":20,"minecraft:wall_torch":2,"minecraft:amethyst_block":7,"minecraft:chain":2,"minecraft:acacia_sapling":1,"minecraft:dark_oak_door":2,"minecraft:grass":57,"minecraft:oak_log":10,"minecraft:sand":28,"minecraft:dirt":1,"minecraft:smooth_basalt":12,"minecraft:tripwire_hook":3,"minecraft:polished_deepslate_wall":1,"minecraft:oak_leaves":1,"minecraft:cyan_candle":4,"minecraft:deepslate":5,"minecraft:dark_prismarine":4,"minecraft:mossy_cobblestone":3,"minecraft:potted_flowering_azalea_bush":1,"gravestone:gravestone":25,"minecraft:dark_oak_fence":5,"minecraft:purple_terracotta":8,"minecraft:soul_campfire":1,"minecraft:mangrove_trapdoor":2,"minecraft:spruce_leaves":1,"minecraft:kelp":2,"minecraft:moss_block":8,"minecraft:rooted_dirt":22,"minecraft:hay_block":30,"supplementaries:rope":3,"minecraft:furnace":1,"minecraft:snow":40,"minecraft:andesite":13,"minecraft:stripped_spruce_log":3,"minecraft:polished_deepslate":3,"minecraft:bookshelf":3,"minecraft:lantern":1,"minecraft:stripped_oak_log":1,"minecraft:stone":199,"minecraft:flowering_azalea":2,"minecraft:polished_granite":1,"minecraft:crafting_table":7,"minecraft:cornflower":7,"minecraft:warped_roots":1,"minecraft:campfire":1,"minecraft:tall_grass":24,"minecraft:red_glazed_terracotta":1,"minecraft:diorite":1,"minecraft:blue_bed":3,"minecraft:big_dripleaf":1,"minecraft:magenta_terracotta":4,"minecraft:sweet_berry_bush":2,"minecraft:black_wall_banner":1,"minecraft:spruce_log":2,"minecraft:white_wall_banner":1,"minecraft:yellow_bed":1,"minecraft:coal_ore":33,"minecraft:gravel":2,"minecraft:cobweb":7,"minecraft:terracotta":4,"minecraft:stone_bricks":11,"minecraft:polished_andesite":3,"minecraft:small_dripleaf":2,"minecraft:orange_wall_banner":1},"minecraft:crafted":{"minecraft:oak_planks":20,"minecraft:smooth_stone":10,"minecraft:birch_boat":1,"minecraft:stone":10,"minecraft:dark_oak_door":3,"minecraft:bow":1,"minecraft:chest":1,"supplementaries:rope_arrow":3,"minecraft:oak_slab":6,"minecraft:cooked_porkchop":1,"minecraft:crafting_table":5,"minecraft:spruce_planks":8,"minecraft:wooden_pickaxe":1,"minecraft:birch_planks":40,"minecraft:campfire":1,"minecraft:shield":3,"minecraft:stick":28,"minecraft:iron_ingot":9,"minecraft:iron_pickaxe":1,"minecraft:stone_sword":1,"minecraft:gold_ingot":14,"minecraft:coal":18,"minecraft:golden_chestplate":1,"minecraft:furnace":1,"minecraft:blast_furnace":1,"minecraft:bone_meal":9,"minecraft:stone_pickaxe":2,"minecraft:spruce_boat":1,"minecraft:dark_oak_planks":76,"minecraft:birch_sign":3,"minecraft:wheat":54,"minecraft:blue_bed":1,"minecraft:bucket":2,"minecraft:stone_axe":1,"minecraft:bread":24,"aether:iron_gloves":1,"minecraft:blue_dye":4,"minecraft:wooden_axe":1,"minecraft:blue_wool":3,"minecraft:torch":28}},"DataVersion":3465}