{"stats":{"minecraft:crafted":{"minecraft:smooth_stone":10,"minecraft:oak_planks":20,"minecraft:coal":18,"minecraft:furnace":1,"minecraft:blast_furnace":1,"minecraft:stone":10,"minecraft:bone_meal":9,"minecraft:stone_pickaxe":2,"minecraft:chest":1,"minecraft:oak_slab":6,"minecraft:cooked_porkchop":1,"minecraft:crafting_table":2,"minecraft:wooden_pickaxe":1,"minecraft:blue_bed":1,"minecraft:birch_planks":40,"minecraft:campfire":1,"minecraft:stone_axe":1,"aether:iron_gloves":1,"minecraft:blue_dye":4,"minecraft:shield":1,"minecraft:stick":12,"minecraft:iron_ingot":9,"minecraft:stone_sword":1,"minecraft:blue_wool":3,"minecraft:torch":4},"minecraft:picked_up":{"minecraft:charcoal":2,"minecraft:crafting_table":5,"minecraft:chicken":2,"minecraft:stone_slab":1,"aether:iron_gloves":2,"gravestone:obituary":1,"minecraft:polished_deepslate_wall":1,"minecraft:waxed_cut_copper_slab":1,"minecraft:cornflower":7,"minecraft:polished_deepslate":3,"minecraft:raw_copper":1,"minecraft:string":1,"minecraft:item_frame":1,"minecraft:beetroot":16,"minecraft:spruce_planks":19,"minecraft:calcite":2,"minecraft:coal_block":2,"minecraft:furnace":1,"minecraft:stick":13,"minecraft:raw_iron":9,"minecraft:torch":1,"minecraft:acacia_log":28,"minecraft:porkchop":1,"minecraft:pointed_dripstone":3,"minecraft:arrow":10,"minecraft:rotten_flesh":5,"minecraft:glistering_melon_slice":1,"minecraft:iron_bars":1,"minecraft:white_wool":3,"minecraft:cobblestone":101,"minecraft:birch_log":10,"minecraft:feather":1,"minecraft:tripwire_hook":2,"minecraft:water_bucket":2,"minecraft:andesite":9,"minecraft:red_glazed_terracotta":1,"alexsmobs:acacia_blossom":3,"minecraft:oak_log":70,"minecraft:chainmail_chestplate":1,"minecraft:dirt":36,"minecraft:blue_bed":1,"minecraft:cooked_mutton":4,"minecraft:bone":9,"minecraft:apple":6,"minecraft:wheat_seeds":6,"minecraft:cooked_chicken":3,"minecraft:cyan_candle":3,"minecraft:moss_block":6,"minecraft:oak_planks":2,"minecraft:acacia_sapling":9,"minecraft:book":6,"minecraft:oak_slab":12,"minecraft:pumpkin":10,"minecraft:sweet_berries":36,"minecraft:stripped_spruce_log":6,"minecraft:blast_furnace":6,"minecraft:ink_sac":5,"minecraft:cyan_bed":2,"minecraft:mossy_cobblestone":2,"minecraft:dark_prismarine":3,"minecraft:soul_lantern":4,"minecraft:golden_apple":1,"minecraft:bread":17,"minecraft:warped_roots":3,"minecraft:terracotta":3,"minecraft:oak_sapling":34,"minecraft:dark_oak_fence":3,"minecraft:coal":29},"minecraft:broken":{"minecraft:stone_pickaxe":1,"minecraft:shield":1},"minecraft:mined":{"minecraft:dark_oak_planks":4,"minecraft:waxed_cut_copper_slab":3,"minecraft:dark_prismarine":3,"minecraft:large_amethyst_bud":1,"minecraft:spruce_planks":8,"minecraft:oak_sapling":1,"minecraft:mossy_cobblestone":2,"gravestone:gravestone":1,"minecraft:cave_vines_plant":1,"minecraft:granite":1,"minecraft:dark_oak_fence":2,"minecraft:grass_block":6,"minecraft:coal_block":2,"minecraft:soul_campfire":1,"minecraft:mangrove_trapdoor":1,"minecraft:moss_block":6,"minecraft:spawner":1,"minecraft:furnace":1,"minecraft:iron_ore":11,"minecraft:fire":1,"minecraft:andesite":13,"minecraft:stripped_spruce_log":3,"minecraft:pumpkin":10,"minecraft:polished_deepslate":3,"minecraft:pointed_dripstone":4,"minecraft:bookshelf":1,"supplementaries:stick":1,"minecraft:cave_vines":1,"minecraft:iron_bars":1,"minecraft:stone":96,"minecraft:stripped_mangrove_wood":1,"minecraft:medium_amethyst_bud":1,"minecraft:soul_lantern":4,"minecraft:polished_granite":1,"minecraft:crafting_table":5,"minecraft:cornflower":7,"minecraft:blast_furnace":6,"minecraft:calcite":6,"minecraft:warped_roots":1,"minecraft:campfire":1,"minecraft:tall_grass":15,"minecraft:cobblestone":15,"minecraft:red_glazed_terracotta":1,"minecraft:cyan_bed":2,"minecraft:oak_planks":2,"minecraft:blue_bed":1,"minecraft:acacia_sapling":1,"minecraft:sweet_berry_bush":2,"minecraft:grass":43,"minecraft:oak_log":10,"minecraft:coal_ore":29,"minecraft:gravel":2,"minecraft:terracotta":4,"minecraft:tripwire_hook":3,"minecraft:polished_deepslate_wall":1,"minecraft:oak_leaves":1,"minecraft:cyan_candle":2},"minecraft:custom":{"minecraft:mob_kills":20,"minecraft:interact_with_crafting_table":13,"minecraft:open_barrel":14,"minecraft:interact_with_campfire":2,"minecraft:eat_cake_slice":11,"minecraft:leave_game":1,"minecraft:time_since_death":14272,"minecraft:climb_one_cm":2411,"minecraft:sprint_one_cm":251765,"minecraft:walk_one_cm":252940,"minecraft:damage_blocked_by_shield":2035,"minecraft:drop":36,"minecraft:play_time":113741,"minecraft:deaths":2,"minecraft:sneak_time":1469,"minecraft:walk_under_water_one_cm":10275,"minecraft:jump":1400,"minecraft:interact_with_blast_furnace":1,"minecraft:walk_on_water_one_cm":15176,"minecraft:total_world_time":113741,"minecraft:interact_with_furnace":11,"minecraft:sleep_in_bed":3,"minecraft:time_since_rest":6599,"minecraft:damage_taken":2291,"minecraft:damage_dealt":3753,"minecraft:swim_one_cm":25409,"minecraft:fly_one_cm":181960,"minecraft:open_chest":11,"minecraft:crouch_one_cm":1408,"minecraft:fall_one_cm":29950},"minecraft:killed":{"minecraft:spider":1,"minecraft:skeleton":8,"minecraft:chicken":2,"minecraft:husk":2,"minecraft:pig":1,"minecraft:zombie_villager":1,"minecraft:sheep":1,"minecraft:zombie":4},"minecraft:used":{"minecraft:moss_block":5,"minecraft:stone_sword":124,"minecraft:iron_bars":1,"minecraft:chest":1,"minecraft:shield":67,"minecraft:iron_sword":42,"minecraft:cooked_chicken":3,"minecraft:stick":1,"minecraft:torch":5,"minecraft:chainmail_chestplate":1,"minecraft:acacia_sapling":9,"minecraft:stripped_spruce_log":3,"minecraft:iron_axe":62,"minecraft:waxed_cut_copper_slab":1,"minecraft:sweet_berries":44,"minecraft:oak_sapling":7,"minecraft:furnace":1,"minecraft:cooked_mutton":2,"minecraft:water_bucket":2,"minecraft:stone_pickaxe":201,"minecraft:oak_planks":1,"minecraft:wooden_pickaxe":20,"minecraft:blue_bed":2,"minecraft:terracotta":2,"minecraft:crafting_table":7,"minecraft:mushroom_stew":1,"minecraft:campfire":1,"minecraft:cake":3,"minecraft:oak_log":1,"minecraft:dark_prismarine":3,"minecraft:apple":6,"minecraft:bread":17,"minecraft:stone_slab":1,"minecraft:soul_lantern":2,"minecraft:stone_axe":64,"minecraft:cobblestone":64,"minecraft:cooked_porkchop":1,"minecraft:bucket":2,"minecraft:bone_meal":9},"minecraft:dropped":{"minecraft:water_bucket":1,"minecraft:oak_slab":18,"minecraft:wheat_seeds":6,"minecraft:feather":1,"minecraft:cobblestone":4,"minecraft:book":3,"minecraft:warped_roots":2,"minecraft:item_frame":1,"minecraft:stick":1,"minecraft:dirt":17,"minecraft:blue_dye":1,"minecraft:dark_oak_fence":1,"minecraft:ink_sac":5,"minecraft:potion":1,"gravestone:obituary":2,"minecraft:bone":3,"minecraft:bowl":1,"minecraft:beetroot":16,"minecraft:rotten_flesh":4,"minecraft:cooked_mutton":1,"aether:iron_gloves":1,"minecraft:andesite":3,"minecraft:wooden_pickaxe":1}},"DataVersion":3465}