{"stats":{"minecraft:custom":{"minecraft:interact_with_crafting_table":26,"minecraft:open_barrel":72,"minecraft:eat_cake_slice":17,"minecraft:leave_game":3,"minecraft:time_since_death":3495,"minecraft:sprint_one_cm":408638,"minecraft:damage_blocked_by_shield":3265,"minecraft:drop":106,"minecraft:play_time":225561,"minecraft:deaths":8,"minecraft:jump":2315,"minecraft:walk_on_water_one_cm":47702,"minecraft:interact_with_furnace":12,"minecraft:sleep_in_bed":6,"minecraft:damage_dealt":6603,"minecraft:player_kills":1,"minecraft:crouch_one_cm":3808,"minecraft:mob_kills":43,"minecraft:interact_with_campfire":2,"minecraft:climb_one_cm":4842,"minecraft:walk_one_cm":518818,"minecraft:sneak_time":3210,"minecraft:walk_under_water_one_cm":32323,"minecraft:boat_one_cm":111731,"minecraft:interact_with_blast_furnace":3,"minecraft:total_world_time":225561,"minecraft:interact_with_stonecutter":1,"minecraft:time_since_rest":3530,"minecraft:damage_taken":6419,"minecraft:swim_one_cm":32539,"minecraft:fly_one_cm":278702,"minecraft:open_chest":38,"minecraft:fall_one_cm":46842},"minecraft:dropped":{"minecraft:iron_sword":1,"minecraft:stripped_mangrove_wood":1,"minecraft:warped_roots":2,"minecraft:item_frame":1,"minecraft:dirt":19,"minecraft:dark_oak_fence":1,"minecraft:cornflower":1,"gravestone:obituary":12,"minecraft:dark_oak_planks":5,"minecraft:bone":3,"minecraft:note_block":3,"minecraft:sugar_cane":1,"minecraft:beetroot":16,"minecraft:rotten_flesh":12,"minecraft:oak_planks":3,"minecraft:cooked_mutton":1,"minecraft:birch_door":1,"minecraft:red_nether_bricks":5,"minecraft:water_bucket":1,"minecraft:bread":11,"minecraft:oak_slab":24,"minecraft:wheat_seeds":8,"minecraft:mangrove_trapdoor":1,"minecraft:feather":1,"minecraft:cobblestone":8,"minecraft:book":3,"minecraft:spruce_stairs":4,"minecraft:stick":17,"minecraft:blue_dye":1,"minecraft:ink_sac":5,"minecraft:wooden_axe":1,"minecraft:potion":2,"minecraft:string":1,"minecraft:tripwire_hook":2,"minecraft:bucket":1,"minecraft:spruce_sapling":1,"minecraft:nether_brick_slab":2,"minecraft:player_head":3,"minecraft:dark_oak_sign":2,"minecraft:bowl":5,"minecraft:iron_boots":1,"supplementaries:quiver":1,"minecraft:flower_pot":6,"aether:iron_gloves":2,"minecraft:spruce_planks":2,"minecraft:andesite":3,"minecraft:birch_sign":2,"minecraft:wooden_pickaxe":1,"minecraft:calcite":18},"minecraft:picked_up":{"minecraft:iron_chestplate":1,"minecraft:flower_pot":7,"minecraft:stone_slab":2,"minecraft:diamond_sword":1,"aether:iron_gloves":4,"minecraft:oak_stairs":1,"minecraft:brewing_stand":1,"minecraft:polished_deepslate_wall":1,"minecraft:polished_deepslate":3,"minecraft:raw_copper":1,"minecraft:string":14,"minecraft:waxed_cut_copper_slab":1,"minecraft:red_nether_bricks":5,"minecraft:beetroot":16,"minecraft:spruce_planks":23,"minecraft:calcite":15,"minecraft:melon_slice":52,"minecraft:coal_block":3,"minecraft:furnace":1,"minecraft:iron_boots":2,"minecraft:dark_oak_door":2,"minecraft:stick":28,"minecraft:torch":7,"minecraft:acacia_log":28,"minecraft:spruce_stairs":2,"minecraft:porkchop":1,"minecraft:pointed_dripstone":3,"minecraft:rotten_flesh":11,"supplementaries:quiver":1,"minecraft:iron_bars":1,"minecraft:snowball":48,"minecraft:cobblestone":171,"minecraft:birch_log":10,"minecraft:feather":1,"minecraft:water_bucket":2,"minecraft:andesite":9,"minecraft:potato":1,"minecraft:acacia_boat":2,"minecraft:magenta_terracotta":4,"minecraft:dirt":39,"minecraft:bone":9,"minecraft:wheat_seeds":6,"minecraft:dark_oak_sign":2,"minecraft:cyan_candle":9,"minecraft:moss_block":6,"minecraft:oak_planks":6,"minecraft:stripped_spruce_log":6,"minecraft:ink_sac":5,"minecraft:cyan_bed":4,"minecraft:dark_oak_log":19,"minecraft:barrel":6,"minecraft:mossy_cobblestone":2,"minecraft:dark_prismarine":4,"minecraft:soul_lantern":4,"minecraft:golden_apple":1,"minecraft:emerald":1,"minecraft:bread":46,"minecraft:oak_sapling":34,"minecraft:dark_oak_fence":3,"minecraft:bricks":15,"minecraft:crafting_table":7,"minecraft:charcoal":2,"minecraft:chicken":2,"minecraft:orange_banner":1,"gravestone:obituary":5,"minecraft:chain":2,"minecraft:cornflower":7,"minecraft:iron_axe":2,"minecraft:item_frame":3,"minecraft:player_head":2,"minecraft:sugar_cane":1,"minecraft:dark_oak_sapling":11,"minecraft:raw_iron":9,"minecraft:stripped_mangrove_wood":1,"minecraft:bowl":1,"minecraft:carrot":19,"minecraft:mangrove_trapdoor":1,"minecraft:dark_oak_planks":6,"minecraft:purple_terracotta":8,"minecraft:arrow":50,"minecraft:pumpkin_pie":2,"minecraft:hay_block":8,"minecraft:black_banner":1,"minecraft:glistering_melon_slice":6,"minecraft:white_wool":3,"minecraft:tripwire_hook":2,"alexsmobs:acacia_blossom":3,"minecraft:red_glazed_terracotta":1,"minecraft:birch_planks":32,"minecraft:oak_log":70,"minecraft:chainmail_chestplate":1,"minecraft:blue_bed":3,"minecraft:white_banner":1,"minecraft:cooked_mutton":4,"minecraft:apple":7,"minecraft:stone_bricks":10,"minecraft:iron_ingot":7,"minecraft:cooked_chicken":3,"minecraft:flowering_azalea":1,"minecraft:acacia_sapling":9,"minecraft:book":6,"minecraft:oak_slab":12,"minecraft:pumpkin":32,"minecraft:sweet_berries":39,"minecraft:spruce_sapling":2,"minecraft:blast_furnace":7,"minecraft:nether_brick_slab":2,"minecraft:spider_eye":1,"minecraft:chainmail_leggings":1,"minecraft:iron_helmet":1,"minecraft:warped_roots":3,"minecraft:terracotta":3,"minecraft:coal":55},"minecraft:used":{"minecraft:moss_block":5,"minecraft:chest":1,"minecraft:shield":88,"minecraft:iron_sword":147,"minecraft:carrot":37,"minecraft:acacia_sapling":9,"minecraft:snowball":32,"minecraft:stripped_spruce_log":3,"minecraft:spruce_boat":1,"minecraft:bricks":6,"minecraft:stone_bricks":4,"minecraft:bow":53,"minecraft:sweet_berries":49,"minecraft:furnace":1,"minecraft:oak_sapling":7,"minecraft:gold_block":1,"minecraft:dark_oak_sapling":11,"minecraft:stone_pickaxe":266,"minecraft:oak_planks":2,"minecraft:wooden_pickaxe":20,"minecraft:blue_bed":3,"minecraft:mushroom_stew":3,"minecraft:purple_terracotta":3,"minecraft:cyan_bed":3,"minecraft:bread":51,"minecraft:soul_lantern":2,"minecraft:diamond_sword":4,"minecraft:bone_meal":9,"minecraft:iron_bars":1,"minecraft:stone_sword":124,"minecraft:spruce_planks":3,"minecraft:cooked_chicken":3,"minecraft:stick":1,"minecraft:torch":7,"minecraft:chainmail_chestplate":1,"minecraft:wooden_axe":7,"minecraft:dark_oak_planks":37,"minecraft:iron_axe":140,"minecraft:barrel":9,"minecraft:waxed_cut_copper_slab":1,"minecraft:cooked_mutton":5,"minecraft:acacia_boat":2,"minecraft:water_bucket":3,"minecraft:terracotta":2,"minecraft:crafting_table":11,"minecraft:birch_sign":1,"minecraft:campfire":1,"minecraft:cake":4,"minecraft:dark_oak_door":4,"minecraft:oak_log":1,"minecraft:dark_prismarine":4,"minecraft:apple":10,"minecraft:iron_pickaxe":52,"minecraft:stone_slab":1,"minecraft:spruce_sapling":2,"minecraft:stone_axe":64,"minecraft:cobblestone":97,"minecraft:cooked_porkchop":1,"minecraft:bucket":3},"minecraft:killed":{"minecraft:cave_spider":5,"minecraft:spider":1,"minecraft:skeleton":9,"minecraft:chicken":2,"minecraft:pig":1,"minecraft:zombie_villager":1,"minecraft:sheep":1,"minecraft:pillager":2,"minecraft:zombie":10,"minecraft:vindicator":6,"minecraft:drowned":3,"minecraft:husk":2},"minecraft:killed_by":{"minecraft:evoker":1},"minecraft:broken":{"minecraft:stone_pickaxe":2,"minecraft:shield":1,"minecraft:iron_axe":1},"minecraft:mined":{"minecraft:dark_oak_planks":13,"minecraft:waxed_cut_copper_slab":7,"minecraft:large_amethyst_bud":1,"minecraft:oak_sapling":1,"minecraft:spruce_planks":12,"minecraft:red_nether_bricks":5,"minecraft:brewing_stand":1,"minecraft:cave_vines_plant":1,"minecraft:granite":1,"minecraft:grass_block":9,"minecraft:coal_block":3,"minecraft:spawner":4,"minecraft:iron_ore":11,"minecraft:fire":1,"minecraft:barrel":6,"minecraft:pumpkin":21,"minecraft:pointed_dripstone":4,"supplementaries:stick":1,"minecraft:cave_vines":1,"minecraft:iron_bars":1,"minecraft:stripped_mangrove_wood":2,"minecraft:player_head":1,"minecraft:medium_amethyst_bud":1,"minecraft:soul_lantern":4,"minecraft:torch":1,"minecraft:blast_furnace":7,"minecraft:calcite":15,"minecraft:melon":13,"minecraft:nether_brick_slab":1,"minecraft:cobblestone":15,"minecraft:cyan_bed":4,"minecraft:oak_planks":7,"minecraft:bricks":20,"minecraft:wall_torch":1,"minecraft:chain":2,"minecraft:acacia_sapling":1,"minecraft:dark_oak_door":2,"minecraft:grass":43,"minecraft:oak_log":10,"minecraft:dirt":1,"minecraft:tripwire_hook":3,"minecraft:polished_deepslate_wall":1,"minecraft:oak_leaves":1,"minecraft:cyan_candle":4,"minecraft:dark_prismarine":4,"minecraft:mossy_cobblestone":2,"minecraft:potted_flowering_azalea_bush":1,"gravestone:gravestone":8,"minecraft:dark_oak_fence":5,"minecraft:purple_terracotta":8,"minecraft:soul_campfire":1,"minecraft:mangrove_trapdoor":2,"minecraft:kelp":2,"minecraft:moss_block":6,"minecraft:hay_block":7,"minecraft:furnace":1,"minecraft:andesite":13,"minecraft:stripped_spruce_log":3,"minecraft:polished_deepslate":3,"minecraft:bookshelf":3,"minecraft:lantern":1,"minecraft:stone":131,"minecraft:polished_granite":1,"minecraft:crafting_table":7,"minecraft:cornflower":7,"minecraft:warped_roots":1,"minecraft:campfire":1,"minecraft:tall_grass":15,"minecraft:red_glazed_terracotta":1,"minecraft:diorite":1,"minecraft:blue_bed":3,"minecraft:magenta_terracotta":4,"minecraft:sweet_berry_bush":2,"minecraft:black_wall_banner":1,"minecraft:spruce_log":2,"minecraft:white_wall_banner":1,"minecraft:yellow_bed":1,"minecraft:coal_ore":33,"minecraft:gravel":2,"minecraft:cobweb":7,"minecraft:terracotta":4,"minecraft:stone_bricks":11,"minecraft:orange_wall_banner":1},"minecraft:crafted":{"minecraft:smooth_stone":10,"minecraft:oak_planks":20,"minecraft:stone":10,"minecraft:dark_oak_door":3,"minecraft:bow":1,"minecraft:chest":1,"minecraft:oak_slab":6,"minecraft:cooked_porkchop":1,"minecraft:crafting_table":4,"minecraft:spruce_planks":8,"minecraft:wooden_pickaxe":1,"minecraft:birch_planks":40,"minecraft:campfire":1,"minecraft:shield":3,"minecraft:stick":28,"minecraft:iron_ingot":9,"minecraft:iron_pickaxe":1,"minecraft:stone_sword":1,"minecraft:coal":18,"minecraft:furnace":1,"minecraft:blast_furnace":1,"minecraft:bone_meal":9,"minecraft:stone_pickaxe":2,"minecraft:spruce_boat":1,"minecraft:dark_oak_planks":76,"minecraft:birch_sign":3,"minecraft:wheat":54,"minecraft:blue_bed":1,"minecraft:stone_axe":1,"minecraft:bread":24,"aether:iron_gloves":1,"minecraft:blue_dye":4,"minecraft:wooden_axe":1,"minecraft:blue_wool":3,"minecraft:torch":28}},"DataVersion":3465}