{"stats":{"minecraft:custom":{"minecraft:mob_kills":28,"minecraft:interact_with_crafting_table":19,"minecraft:open_barrel":29,"minecraft:interact_with_campfire":2,"minecraft:eat_cake_slice":11,"minecraft:leave_game":2,"minecraft:time_since_death":6698,"minecraft:climb_one_cm":3459,"minecraft:sprint_one_cm":330721,"minecraft:walk_one_cm":361711,"minecraft:damage_blocked_by_shield":2125,"minecraft:drop":65,"minecraft:play_time":157311,"minecraft:deaths":5,"minecraft:sneak_time":1649,"minecraft:walk_under_water_one_cm":27536,"minecraft:boat_one_cm":71070,"minecraft:jump":1617,"minecraft:interact_with_blast_furnace":3,"minecraft:walk_on_water_one_cm":23084,"minecraft:total_world_time":157311,"minecraft:interact_with_furnace":11,"minecraft:sleep_in_bed":4,"minecraft:time_since_rest":6741,"minecraft:damage_taken":3585,"minecraft:damage_dealt":5099,"minecraft:swim_one_cm":30178,"minecraft:fly_one_cm":215165,"minecraft:open_chest":17,"minecraft:crouch_one_cm":1886,"minecraft:fall_one_cm":35560},"minecraft:picked_up":{"minecraft:charcoal":2,"minecraft:crafting_table":6,"minecraft:chicken":2,"minecraft:flower_pot":1,"minecraft:stone_slab":2,"aether:iron_gloves":3,"minecraft:orange_banner":1,"gravestone:obituary":2,"minecraft:brewing_stand":1,"minecraft:polished_deepslate_wall":1,"minecraft:polished_deepslate":3,"minecraft:cornflower":7,"minecraft:string":1,"minecraft:raw_copper":1,"minecraft:waxed_cut_copper_slab":1,"minecraft:item_frame":3,"minecraft:beetroot":16,"minecraft:spruce_planks":21,"minecraft:player_head":1,"minecraft:calcite":5,"minecraft:coal_block":3,"minecraft:sugar_cane":1,"minecraft:furnace":1,"minecraft:dark_oak_sapling":11,"minecraft:stick":28,"minecraft:raw_iron":9,"minecraft:stripped_mangrove_wood":1,"minecraft:torch":2,"minecraft:acacia_log":28,"minecraft:spruce_stairs":2,"minecraft:porkchop":1,"minecraft:pointed_dripstone":3,"minecraft:carrot":19,"minecraft:mangrove_trapdoor":1,"minecraft:dark_oak_planks":2,"minecraft:arrow":11,"minecraft:rotten_flesh":11,"minecraft:glistering_melon_slice":1,"minecraft:black_banner":1,"minecraft:iron_bars":1,"minecraft:white_wool":3,"minecraft:cobblestone":138,"minecraft:birch_log":10,"minecraft:feather":1,"minecraft:tripwire_hook":2,"minecraft:water_bucket":2,"minecraft:andesite":9,"minecraft:red_glazed_terracotta":1,"alexsmobs:acacia_blossom":3,"minecraft:potato":1,"minecraft:birch_planks":32,"minecraft:oak_log":70,"minecraft:chainmail_chestplate":1,"minecraft:acacia_boat":2,"minecraft:dirt":36,"minecraft:blue_bed":2,"minecraft:white_banner":1,"minecraft:cooked_mutton":4,"minecraft:bone":9,"minecraft:apple":7,"minecraft:wheat_seeds":6,"minecraft:iron_ingot":1,"minecraft:cooked_chicken":3,"minecraft:cyan_candle":9,"minecraft:moss_block":6,"minecraft:acacia_sapling":9,"minecraft:oak_planks":3,"minecraft:flowering_azalea":1,"minecraft:book":6,"minecraft:oak_slab":12,"minecraft:pumpkin":21,"minecraft:sweet_berries":36,"minecraft:stripped_spruce_log":6,"minecraft:blast_furnace":7,"minecraft:ink_sac":5,"minecraft:cyan_bed":3,"minecraft:dark_oak_log":19,"minecraft:barrel":3,"minecraft:mossy_cobblestone":2,"minecraft:dark_prismarine":4,"minecraft:soul_lantern":4,"minecraft:golden_apple":1,"minecraft:bread":25,"minecraft:warped_roots":3,"minecraft:terracotta":3,"minecraft:oak_sapling":34,"minecraft:dark_oak_fence":3,"minecraft:coal":53},"minecraft:dropped":{"minecraft:water_bucket":1,"minecraft:oak_slab":24,"minecraft:stripped_mangrove_wood":1,"minecraft:wheat_seeds":8,"minecraft:feather":1,"minecraft:cobblestone":8,"minecraft:book":3,"minecraft:warped_roots":2,"minecraft:spruce_stairs":4,"minecraft:item_frame":1,"minecraft:stick":14,"minecraft:dirt":17,"minecraft:blue_dye":1,"minecraft:dark_oak_fence":1,"minecraft:ink_sac":5,"minecraft:cornflower":1,"minecraft:potion":2,"gravestone:obituary":5,"minecraft:string":1,"minecraft:dark_oak_planks":3,"minecraft:tripwire_hook":2,"minecraft:spruce_sapling":1,"minecraft:bone":3,"minecraft:note_block":3,"minecraft:sugar_cane":1,"minecraft:player_head":2,"minecraft:bowl":2,"minecraft:beetroot":16,"minecraft:rotten_flesh":12,"minecraft:oak_planks":3,"minecraft:cooked_mutton":1,"aether:iron_gloves":1,"minecraft:andesite":3,"minecraft:birch_door":1,"minecraft:birch_sign":2,"minecraft:wooden_pickaxe":1,"minecraft:calcite":8},"minecraft:used":{"minecraft:moss_block":5,"minecraft:stone_sword":124,"minecraft:iron_bars":1,"minecraft:chest":1,"minecraft:spruce_planks":3,"minecraft:shield":69,"minecraft:iron_sword":80,"minecraft:cooked_chicken":3,"minecraft:stick":1,"minecraft:torch":7,"minecraft:chainmail_chestplate":1,"minecraft:carrot":26,"minecraft:acacia_sapling":9,"minecraft:stripped_spruce_log":3,"minecraft:spruce_boat":1,"minecraft:iron_axe":101,"minecraft:barrel":6,"minecraft:waxed_cut_copper_slab":1,"minecraft:sweet_berries":46,"minecraft:oak_sapling":7,"minecraft:furnace":1,"minecraft:dark_oak_sapling":11,"minecraft:cooked_mutton":5,"minecraft:acacia_boat":2,"minecraft:water_bucket":2,"minecraft:stone_pickaxe":254,"minecraft:oak_planks":1,"minecraft:wooden_pickaxe":20,"minecraft:blue_bed":3,"minecraft:terracotta":2,"minecraft:crafting_table":10,"minecraft:mushroom_stew":1,"minecraft:birch_sign":1,"minecraft:campfire":1,"minecraft:cake":3,"minecraft:dark_oak_door":1,"minecraft:oak_log":1,"minecraft:dark_prismarine":4,"minecraft:apple":6,"minecraft:bread":22,"minecraft:cyan_bed":2,"minecraft:stone_slab":1,"minecraft:soul_lantern":2,"minecraft:stone_axe":64,"minecraft:cobblestone":64,"minecraft:cooked_porkchop":1,"minecraft:bucket":2,"minecraft:bone_meal":9},"minecraft:killed":{"minecraft:spider":1,"minecraft:skeleton":8,"minecraft:chicken":2,"minecraft:drowned":3,"minecraft:husk":2,"minecraft:pig":1,"minecraft:zombie_villager":1,"minecraft:sheep":1,"minecraft:zombie":9},"minecraft:broken":{"minecraft:stone_pickaxe":1,"minecraft:shield":1,"minecraft:iron_axe":1},"minecraft:mined":{"minecraft:dark_oak_planks":13,"minecraft:waxed_cut_copper_slab":7,"minecraft:dark_prismarine":4,"minecraft:large_amethyst_bud":1,"minecraft:spruce_planks":11,"minecraft:oak_sapling":1,"minecraft:mossy_cobblestone":2,"minecraft:potted_flowering_azalea_bush":1,"minecraft:brewing_stand":1,"minecraft:cave_vines_plant":1,"minecraft:dark_oak_fence":5,"gravestone:gravestone":5,"minecraft:granite":1,"minecraft:grass_block":6,"minecraft:coal_block":3,"minecraft:soul_campfire":1,"minecraft:mangrove_trapdoor":2,"minecraft:moss_block":6,"minecraft:kelp":2,"minecraft:spawner":1,"minecraft:furnace":1,"minecraft:iron_ore":11,"minecraft:fire":1,"minecraft:barrel":3,"minecraft:andesite":13,"minecraft:stripped_spruce_log":3,"minecraft:pumpkin":21,"minecraft:polished_deepslate":3,"minecraft:bookshelf":1,"supplementaries:stick":1,"minecraft:pointed_dripstone":4,"minecraft:cave_vines":1,"minecraft:iron_bars":1,"minecraft:stripped_mangrove_wood":2,"minecraft:stone":131,"minecraft:medium_amethyst_bud":1,"minecraft:soul_lantern":4,"minecraft:polished_granite":1,"minecraft:cornflower":7,"minecraft:crafting_table":6,"minecraft:torch":1,"minecraft:blast_furnace":7,"minecraft:calcite":9,"minecraft:warped_roots":1,"minecraft:campfire":1,"minecraft:tall_grass":15,"minecraft:cobblestone":15,"minecraft:red_glazed_terracotta":1,"minecraft:cyan_bed":3,"minecraft:oak_planks":4,"minecraft:diorite":1,"minecraft:blue_bed":2,"minecraft:acacia_sapling":1,"minecraft:sweet_berry_bush":2,"minecraft:black_wall_banner":1,"minecraft:white_wall_banner":1,"minecraft:grass":43,"minecraft:oak_log":10,"minecraft:coal_ore":33,"minecraft:gravel":2,"minecraft:terracotta":4,"minecraft:tripwire_hook":3,"minecraft:orange_wall_banner":1,"minecraft:polished_deepslate_wall":1,"minecraft:oak_leaves":1,"minecraft:cyan_candle":4},"minecraft:crafted":{"minecraft:smooth_stone":10,"minecraft:oak_planks":20,"minecraft:coal":18,"minecraft:furnace":1,"minecraft:blast_furnace":1,"minecraft:stone":10,"minecraft:bone_meal":9,"minecraft:dark_oak_door":3,"minecraft:stone_pickaxe":2,"minecraft:chest":1,"minecraft:spruce_boat":1,"minecraft:dark_oak_planks":76,"minecraft:birch_sign":3,"minecraft:oak_slab":6,"minecraft:cooked_porkchop":1,"minecraft:crafting_table":3,"minecraft:spruce_planks":8,"minecraft:wooden_pickaxe":1,"minecraft:blue_bed":1,"minecraft:birch_planks":40,"minecraft:campfire":1,"minecraft:stone_axe":1,"aether:iron_gloves":1,"minecraft:blue_dye":4,"minecraft:shield":3,"minecraft:stick":16,"minecraft:iron_ingot":9,"minecraft:stone_sword":1,"minecraft:blue_wool":3,"minecraft:torch":4}},"DataVersion":3465}