{"stats":{"minecraft:dropped":{"minecraft:iron_sword":1,"minecraft:moss_block":18,"minecraft:birch_planks":13,"minecraft:stripped_mangrove_wood":2,"minecraft:glow_ink_sac":9,"minecraft:golden_pickaxe":1,"minecraft:dark_oak_sapling":8,"minecraft:glow_berries":1,"minecraft:warped_roots":2,"minecraft:iron_horse_armor":1,"minecraft:item_frame":1,"minecraft:spruce_leaves":10,"minecraft:dirt":55,"minecraft:dark_oak_fence":1,"minecraft:cornflower":1,"minecraft:chain":2,"gravestone:obituary":48,"minecraft:gold_nugget":5,"minecraft:amethyst_shard":4,"minecraft:axolotl_bucket":3,"minecraft:sand":29,"minecraft:glistering_melon_slice":8,"minecraft:iron_pickaxe":3,"minecraft:stripped_oak_wood":2,"minecraft:dark_oak_planks":21,"minecraft:white_wool":4,"minecraft:bone":8,"minecraft:gold_ingot":55,"minecraft:gravel":65,"minecraft:note_block":3,"minecraft:sugar_cane":1,"minecraft:golden_chestplate":1,"alexscaves:cave_tablet":6,"minecraft:pointed_dripstone":7,"minecraft:beetroot":16,"minecraft:rotten_flesh":20,"minecraft:oak_planks":10,"minecraft:cooked_mutton":4,"minecraft:white_bed":1,"minecraft:carrot":3,"minecraft:mangrove_fence":3,"supplementaries:ash":8,"alexscaves:cave_book":2,"minecraft:gunpowder":2,"minecraft:acacia_sapling":2,"minecraft:azalea":4,"minecraft:birch_door":1,"minecraft:chest":1,"minecraft:red_nether_bricks":5,"minecraft:iron_bars":2,"minecraft:arrow":14,"minecraft:glass":7,"minecraft:flowering_azalea_leaves":1,"minecraft:stone_brick_stairs":1,"minecraft:enchanted_book":2,"minecraft:water_bucket":2,"minecraft:bread":20,"minecraft:purple_terracotta":5,"minecraft:oak_slab":24,"minecraft:wheat_seeds":12,"minecraft:mangrove_trapdoor":1,"minecraft:mossy_cobblestone":1,"minecraft:feather":1,"minecraft:cobblestone":62,"minecraft:book":3,"minecraft:tropical_fish":5,"minecraft:spruce_stairs":4,"minecraft:coal":10,"minecraft:stick":36,"minecraft:polished_andesite":2,"minecraft:blue_dye":1,"minecraft:ink_sac":5,"minecraft:torch":10,"minecraft:wooden_axe":1,"minecraft:melon_slice":107,"minecraft:potion":2,"minecraft:iron_leggings":1,"minecraft:oak_stairs":1,"minecraft:flowering_azalea":2,"minecraft:iron_axe":1,"minecraft:string":2,"minecraft:tripwire_hook":2,"minecraft:polished_deepslate_wall":3,"minecraft:bucket":2,"minecraft:spruce_sapling":48,"minecraft:nether_brick_slab":2,"minecraft:player_head":3,"minecraft:dark_oak_sign":2,"minecraft:bowl":5,"minecraft:diamond_hoe":1,"minecraft:stone_shovel":1,"minecraft:clay_ball":19,"minecraft:iron_boots":1,"travelersbackpack:light_gray_sleeping_bag":1,"minecraft:stone_slab":2,"minecraft:shears":1,"travelersbackpack:magenta_sleeping_bag":2,"minecraft:blast_furnace":1,"minecraft:diamond_sword":2,"minecraft:big_dripleaf":2,"supplementaries:quiver":1,"minecraft:hay_block":32,"minecraft:flower_pot":6,"supplementaries:rope_arrow":2,"aether:iron_gloves":7,"aether:diamond_gloves":2,"minecraft:spruce_planks":71,"minecraft:andesite":31,"minecraft:golden_leggings":3,"minecraft:spider_eye":1,"minecraft:birch_sign":3,"minecraft:stone_bricks":7,"minecraft:bow":4,"minecraft:wooden_pickaxe":1,"minecraft:calcite":18,"minecraft:cyan_bed":1},"minecraft:used":{"minecraft:moss_block":6,"minecraft:moss_carpet":4,"minecraft:diamond_hoe":75,"minecraft:shield":147,"minecraft:chest":5,"minecraft:iron_sword":147,"minecraft:spruce_leaves":2,"minecraft:carrot":96,"minecraft:acacia_sapling":9,"minecraft:axolotl_bucket":10,"minecraft:snowball":85,"minecraft:stripped_spruce_log":3,"minecraft:spruce_boat":1,"minecraft:glass":4,"minecraft:bricks":6,"alexsmobs:lobster_tail":2,"minecraft:spruce_wood":1,"minecraft:dark_oak_leaves":3,"minecraft:stone_bricks":11,"minecraft:bow":65,"minecraft:oak_sapling":7,"minecraft:hay_block":12,"minecraft:sweet_berries":65,"minecraft:furnace":1,"minecraft:gold_block":1,"minecraft:dark_oak_sapling":11,"minecraft:stone_pickaxe":266,"minecraft:oak_planks":2,"minecraft:wooden_pickaxe":20,"minecraft:blue_bed":3,"minecraft:white_wool":3,"alexscaves:cave_book":1,"minecraft:mushroom_stew":3,"minecraft:blast_furnace":2,"minecraft:purple_terracotta":3,"minecraft:shears":61,"minecraft:melon_slice":7,"minecraft:bread":96,"minecraft:cyan_bed":11,"minecraft:cyan_carpet":2,"minecraft:gravel":10,"minecraft:soul_lantern":2,"minecraft:diamond_sword":343,"minecraft:andesite":16,"minecraft:oak_boat":1,"minecraft:bone_meal":9,"minecraft:golden_pickaxe":100,"minecraft:experience_bottle":28,"minecraft:music_disc_otherside":1,"minecraft:iron_bars":1,"minecraft:stone_sword":124,"minecraft:carved_pumpkin":1,"minecraft:stone_shovel":44,"minecraft:spruce_planks":216,"minecraft:mangrove_fence":2,"minecraft:cooked_chicken":3,"minecraft:stick":1,"minecraft:torch":43,"minecraft:dirt":82,"minecraft:chainmail_chestplate":1,"minecraft:golden_chestplate":1,"minecraft:golden_shovel":97,"minecraft:spruce_fence":2,"minecraft:dark_oak_planks":37,"minecraft:wooden_axe":7,"minecraft:iron_axe":448,"minecraft:barrel":9,"minecraft:beef":3,"minecraft:waxed_cut_copper_slab":1,"alexsmobs:lobster_bucket":1,"minecraft:pumpkin":1,"minecraft:cooked_beef":10,"minecraft:cobbled_deepslate":5,"travelersbackpack:fox":37,"minecraft:golden_axe":56,"minecraft:mangrove_boat":5,"minecraft:cooked_mutton":7,"minecraft:acacia_boat":2,"minecraft:water_bucket":15,"minecraft:polished_andesite":1,"minecraft:birch_boat":1,"minecraft:spruce_sign":3,"minecraft:music_disc_cat":2,"minecraft:terracotta":2,"travelersbackpack:magenta_sleeping_bag":2,"minecraft:crafting_table":16,"minecraft:birch_sign":1,"minecraft:campfire":1,"minecraft:cod":1,"minecraft:dark_oak_door":8,"minecraft:cake":5,"minecraft:smoker":1,"minecraft:oak_log":1,"minecraft:gray_terracotta":3,"minecraft:dark_prismarine":26,"minecraft:apple":10,"minecraft:iron_pickaxe":451,"minecraft:stone_slab":1,"minecraft:spruce_sapling":2,"minecraft:stone_axe":67,"travelersbackpack:light_gray_sleeping_bag":2,"minecraft:cobblestone":127,"minecraft:azalea_leaves":32,"minecraft:cooked_porkchop":3,"minecraft:bucket":26,"minecraft:pumpkin_pie":11},"minecraft:picked_up":{"minecraft:iron_chestplate":3,"minecraft:flower_pot":7,"minecraft:lead":1,"minecraft:stone_slab":6,"minecraft:diamond_sword":4,"aether:iron_gloves":10,"minecraft:oak_stairs":1,"minecraft:enchanted_book":2,"minecraft:stone_brick_stairs":1,"minecraft:brewing_stand":1,"minecraft:polished_deepslate_wall":3,"minecraft:music_disc_cat":2,"minecraft:polished_deepslate":3,"minecraft:string":22,"minecraft:waxed_cut_copper_slab":4,"minecraft:raw_copper":4,"aether:diamond_gloves":6,"minecraft:red_nether_bricks":5,"minecraft:iron_leggings":2,"minecraft:experience_bottle":69,"minecraft:beetroot":24,"minecraft:diamond_leggings":2,"minecraft:cobbled_deepslate":5,"minecraft:dark_oak_leaves":3,"minecraft:spruce_planks":264,"minecraft:calcite":28,"minecraft:azalea":4,"minecraft:iron_pickaxe":4,"minecraft:azalea_leaves":32,"minecraft:melon_slice":114,"minecraft:coal_block":3,"minecraft:iron_boots":3,"minecraft:furnace":1,"minecraft:dark_oak_door":3,"minecraft:stick":56,"minecraft:big_dripleaf":2,"minecraft:torch":32,"minecraft:acacia_log":28,"minecraft:spruce_stairs":2,"minecraft:porkchop":9,"minecraft:pointed_dripstone":10,"minecraft:diorite":1,"minecraft:golden_chestplate":2,"minecraft:rotten_flesh":25,"minecraft:tropical_fish":7,"minecraft:carved_pumpkin":1,"supplementaries:quiver":1,"supplementaries:ash":9,"minecraft:iron_bars":11,"minecraft:snowball":86,"alexsmobs:lobster_tail":2,"minecraft:cobblestone":328,"minecraft:birch_log":10,"minecraft:magma_block":6,"minecraft:feather":1,"minecraft:water_bucket":5,"minecraft:andesite":55,"minecraft:golden_leggings":3,"minecraft:potato":1,"minecraft:flint":9,"minecraft:acacia_boat":2,"minecraft:magenta_terracotta":4,"minecraft:mangrove_slab":2,"minecraft:dirt":244,"minecraft:mangrove_fence":5,"minecraft:glass":7,"minecraft:bone":19,"minecraft:acacia_planks":5,"minecraft:gray_terracotta":3,"minecraft:bow":7,"minecraft:wheat_seeds":12,"minecraft:dark_oak_sign":2,"minecraft:cyan_candle":9,"minecraft:diamond_helmet":1,"minecraft:moss_block":72,"minecraft:oak_planks":18,"minecraft:cooked_porkchop":6,"minecraft:music_disc_13":1,"minecraft:axolotl_bucket":2,"travelersbackpack:magenta_sleeping_bag":3,"minecraft:sand":85,"minecraft:stripped_spruce_log":6,"minecraft:ink_sac":5,"minecraft:cyan_bed":12,"minecraft:dark_oak_log":38,"minecraft:barrel":6,"minecraft:mossy_cobblestone":3,"minecraft:dark_prismarine":105,"minecraft:polished_andesite":4,"minecraft:dark_prismarine_slab":9,"minecraft:soul_lantern":7,"minecraft:golden_apple":1,"minecraft:emerald":4,"minecraft:bread":50,"minecraft:oak_sapling":34,"minecraft:dark_oak_fence":3,"minecraft:bricks":34,"minecraft:spruce_leaves":12,"minecraft:charcoal":2,"minecraft:crafting_table":10,"minecraft:allium":2,"minecraft:splash_potion":3,"minecraft:chicken":2,"minecraft:clay_ball":43,"minecraft:golden_pickaxe":1,"minecraft:orange_banner":1,"gravestone:obituary":15,"minecraft:chain":2,"minecraft:shield":3,"minecraft:cornflower":7,"minecraft:moss_carpet":4,"minecraft:iron_axe":3,"minecraft:item_frame":3,"minecraft:cyan_carpet":2,"minecraft:music_disc_otherside":1,"minecraft:beef":14,"minecraft:player_head":2,"minecraft:light_gray_wool":5,"supplementaries:rope":3,"minecraft:sugar_cane":1,"minecraft:chest":2,"minecraft:phantom_membrane":2,"minecraft:diamond_hoe":2,"minecraft:dark_oak_sapling":19,"minecraft:raw_iron":14,"minecraft:stripped_mangrove_wood":196,"minecraft:bowl":1,"minecraft:flowering_azalea_leaves":23,"minecraft:spruce_fence":2,"minecraft:mangrove_sign":1,"minecraft:carrot":61,"minecraft:mangrove_trapdoor":1,"minecraft:iron_horse_armor":1,"minecraft:purple_terracotta":8,"minecraft:dark_oak_planks":8,"minecraft:arrow":66,"minecraft:stone_shovel":2,"minecraft:pumpkin_pie":2,"minecraft:shears":2,"minecraft:hay_block":117,"minecraft:gold_ingot":72,"minecraft:saddle":1,"minecraft:totem_of_undying":4,"minecraft:glistering_melon_slice":6,"minecraft:black_banner":1,"minecraft:glow_berries":1,"minecraft:mutton":5,"minecraft:white_wool":17,"minecraft:glow_ink_sac":18,"minecraft:tripwire_hook":2,"minecraft:leather":9,"minecraft:red_glazed_terracotta":1,"alexsmobs:acacia_blossom":6,"minecraft:birch_planks":32,"supplementaries:rope_arrow":3,"minecraft:oak_log":72,"minecraft:chainmail_chestplate":1,"minecraft:golden_boots":2,"minecraft:gunpowder":5,"minecraft:blue_bed":3,"minecraft:white_banner":1,"minecraft:cooked_mutton":10,"minecraft:mangrove_boat":4,"minecraft:apple":7,"minecraft:stone_bricks":18,"minecraft:spore_blossom":1,"minecraft:spruce_wood":1,"minecraft:iron_ingot":58,"minecraft:cooked_chicken":3,"minecraft:stripped_oak_wood":2,"minecraft:flowering_azalea":8,"minecraft:acacia_sapling":13,"minecraft:dark_oak_stairs":4,"minecraft:book":6,"minecraft:oak_slab":12,"minecraft:birch_boat":1,"minecraft:pumpkin":33,"minecraft:sweet_berries":70,"minecraft:red_wool":4,"minecraft:gravel":97,"minecraft:amethyst_shard":4,"minecraft:spruce_sapling":51,"minecraft:blast_furnace":7,"minecraft:white_bed":1,"minecraft:spruce_log":70,"minecraft:nether_brick_slab":2,"minecraft:spider_eye":2,"travelersbackpack:light_gray_sleeping_bag":4,"travelersbackpack:fox":2,"minecraft:chainmail_leggings":1,"minecraft:iron_helmet":3,"minecraft:stripped_jungle_wood":1,"minecraft:birch_sign":1,"minecraft:gray_wool":8,"minecraft:warped_roots":3,"alexscaves:cave_map":1,"minecraft:terracotta":3,"minecraft:coal":92},"minecraft:crafted":{"minecraft:smooth_stone":10,"minecraft:oak_planks":36,"minecraft:birch_boat":1,"minecraft:mangrove_boat":1,"minecraft:stone":10,"minecraft:cooked_mutton":5,"minecraft:dark_oak_door":6,"minecraft:glass":31,"minecraft:bow":1,"minecraft:chest":7,"travelersbackpack:fox":2,"minecraft:magenta_dye":2,"minecraft:smoker":1,"minecraft:golden_axe":2,"supplementaries:rope_arrow":3,"minecraft:oak_slab":6,"minecraft:cooked_porkchop":3,"minecraft:crafting_table":8,"minecraft:spruce_planks":468,"minecraft:wooden_pickaxe":1,"travelersbackpack:standard":2,"minecraft:golden_pickaxe":3,"minecraft:birch_planks":40,"minecraft:campfire":1,"minecraft:shield":4,"minecraft:stick":48,"minecraft:iron_ingot":9,"minecraft:iron_pickaxe":2,"minecraft:stone_sword":1,"minecraft:gold_ingot":14,"travelersbackpack:magenta_sleeping_bag":1,"minecraft:shears":1,"minecraft:magenta_wool":2,"minecraft:coal":18,"minecraft:golden_chestplate":1,"minecraft:furnace":2,"minecraft:blast_furnace":1,"minecraft:bone_meal":9,"travelersbackpack:white_sleeping_bag":1,"minecraft:iron_axe":1,"travelersbackpack:light_gray_sleeping_bag":2,"minecraft:stone_pickaxe":2,"minecraft:spruce_boat":1,"minecraft:dark_oak_planks":84,"minecraft:birch_sign":3,"minecraft:wheat":180,"minecraft:cooked_beef":11,"minecraft:spruce_sign":3,"travelersbackpack:backpack_tank":4,"minecraft:blue_bed":1,"minecraft:golden_shovel":3,"minecraft:mangrove_planks":8,"minecraft:bucket":2,"minecraft:stone_axe":1,"minecraft:bread":30,"minecraft:air":0,"aether:iron_gloves":1,"minecraft:blue_dye":4,"minecraft:oak_boat":1,"minecraft:wooden_axe":1,"minecraft:blue_wool":3,"minecraft:torch":36},"minecraft:broken":{"minecraft:iron_boots":1,"minecraft:iron_chestplate":1,"minecraft:golden_shovel":3,"minecraft:stone_pickaxe":2,"minecraft:shield":2,"minecraft:golden_axe":2,"minecraft:iron_axe":3,"minecraft:iron_pickaxe":1,"minecraft:golden_pickaxe":3},"minecraft:custom":{"minecraft:animals_bred":4,"minecraft:interact_with_crafting_table":91,"minecraft:open_barrel":144,"minecraft:eat_cake_slice":22,"minecraft:leave_game":16,"minecraft:time_since_death":42360,"minecraft:sprint_one_cm":936035,"minecraft:damage_blocked_by_shield":6678,"minecraft:drop":356,"minecraft:talked_to_villager":5,"minecraft:play_time":655053,"minecraft:deaths":44,"minecraft:jump":6545,"minecraft:walk_on_water_one_cm":142003,"minecraft:interact_with_furnace":25,"minecraft:play_record":3,"minecraft:sleep_in_bed":32,"minecraft:damage_dealt":15643,"minecraft:player_kills":1,"minecraft:crouch_one_cm":30672,"minecraft:interact_with_smoker":8,"minecraft:interact_with_anvil":9,"minecraft:mob_kills":96,"minecraft:interact_with_campfire":2,"minecraft:climb_one_cm":12436,"minecraft:walk_one_cm":1309397,"minecraft:sneak_time":17054,"minecraft:walk_under_water_one_cm":126937,"minecraft:boat_one_cm":625193,"minecraft:interact_with_blast_furnace":8,"minecraft:total_world_time":655053,"minecraft:interact_with_grindstone":2,"minecraft:interact_with_stonecutter":1,"minecraft:time_since_rest":42390,"minecraft:damage_taken":21609,"minecraft:swim_one_cm":180653,"minecraft:fly_one_cm":851718,"minecraft:open_chest":197,"minecraft:fall_one_cm":132378},"minecraft:killed_by":{"minecraft:evoker":1},"minecraft:mined":{"minecraft:dark_oak_planks":16,"minecraft:waxed_cut_copper_slab":7,"minecraft:large_amethyst_bud":2,"minecraft:spruce_planks":45,"minecraft:oak_sapling":1,"minecraft:red_nether_bricks":5,"minecraft:brewing_stand":1,"minecraft:carved_pumpkin":1,"minecraft:cave_vines_plant":3,"minecraft:granite":1,"minecraft:grass_block":16,"minecraft:mangrove_fence":5,"minecraft:coal_block":3,"minecraft:spawner":4,"minecraft:magma_block":6,"minecraft:iron_ore":17,"minecraft:barrel":6,"minecraft:fire":1,"minecraft:moss_carpet":1,"minecraft:pumpkin":22,"minecraft:dark_oak_stairs":4,"supplementaries:stick":1,"minecraft:pointed_dripstone":4,"minecraft:cave_vines":10,"minecraft:flowering_azalea_leaves":22,"minecraft:iron_bars":7,"minecraft:birch_wall_sign":1,"minecraft:azalea_leaves":34,"minecraft:spruce_wood":1,"minecraft:azalea":6,"minecraft:stripped_mangrove_wood":203,"minecraft:player_head":1,"minecraft:medium_amethyst_bud":1,"minecraft:amethyst_cluster":1,"minecraft:soul_lantern":6,"minecraft:clay":9,"minecraft:torch":3,"minecraft:blast_furnace":7,"minecraft:melon":16,"minecraft:calcite":25,"minecraft:chest":1,"minecraft:nether_brick_slab":1,"minecraft:glass":1,"minecraft:cobblestone":22,"minecraft:cyan_bed":11,"minecraft:oak_planks":10,"minecraft:bricks":20,"travelersbackpack:light_gray_sleeping_bag":2,"minecraft:wall_torch":2,"minecraft:amethyst_block":7,"minecraft:seagrass":2,"minecraft:chain":2,"minecraft:acacia_sapling":1,"minecraft:dark_oak_door":3,"minecraft:stripped_oak_wood":4,"minecraft:grass":63,"minecraft:oak_log":12,"minecraft:dirt":75,"minecraft:sand":29,"minecraft:smooth_basalt":12,"minecraft:tripwire_hook":3,"minecraft:deepslate":5,"minecraft:polished_deepslate_wall":3,"minecraft:cyan_candle":4,"minecraft:oak_leaves":1,"minecraft:dark_prismarine":105,"minecraft:mossy_cobblestone":3,"minecraft:dark_oak_leaves":3,"minecraft:potted_flowering_azalea_bush":1,"gravestone:gravestone":44,"minecraft:dark_oak_fence":5,"minecraft:purple_terracotta":8,"minecraft:allium":2,"minecraft:stripped_jungle_wood":1,"minecraft:soul_campfire":1,"minecraft:mangrove_trapdoor":2,"minecraft:spruce_leaves":40,"minecraft:moss_block":51,"minecraft:kelp":2,"minecraft:rooted_dirt":22,"minecraft:hay_block":42,"minecraft:spore_blossom":1,"supplementaries:rope":3,"minecraft:spruce_sapling":3,"minecraft:furnace":1,"minecraft:carrots":16,"minecraft:snow":40,"minecraft:andesite":15,"minecraft:stripped_spruce_log":3,"minecraft:polished_deepslate":3,"minecraft:bookshelf":3,"minecraft:shroomlight":4,"minecraft:lantern":1,"minecraft:stripped_oak_log":1,"minecraft:stone":352,"minecraft:white_wool":3,"minecraft:mangrove_stairs":1,"minecraft:flowering_azalea":5,"minecraft:polished_granite":1,"minecraft:crafting_table":10,"minecraft:cornflower":7,"minecraft:warped_roots":1,"minecraft:campfire":5,"minecraft:stone_slab":3,"minecraft:tall_grass":25,"minecraft:red_glazed_terracotta":1,"minecraft:diorite":1,"minecraft:blue_bed":3,"minecraft:big_dripleaf":1,"travelersbackpack:magenta_sleeping_bag":2,"minecraft:magenta_terracotta":4,"minecraft:black_wall_banner":1,"minecraft:sweet_berry_bush":4,"minecraft:spruce_log":3,"minecraft:white_wall_banner":1,"minecraft:dark_prismarine_slab":7,"minecraft:yellow_bed":1,"minecraft:mangrove_slab":2,"minecraft:coal_ore":68,"minecraft:gravel":76,"minecraft:cobweb":7,"minecraft:terracotta":4,"minecraft:polished_andesite":3,"minecraft:stone_bricks":11,"minecraft:small_dripleaf":2,"minecraft:orange_wall_banner":1,"minecraft:fern":1},"minecraft:killed":{"minecraft:cave_spider":5,"alexsmobs:lobster":4,"minecraft:spider":3,"minecraft:skeleton":15,"minecraft:chicken":2,"minecraft:illusioner":1,"minecraft:tropical_fish":1,"minecraft:pig":3,"minecraft:zombie_villager":1,"minecraft:creeper":1,"minecraft:sheep":4,"minecraft:pillager":4,"minecraft:zombie":19,"minecraft:glow_squid":4,"minecraft:cow":7,"minecraft:vindicator":7,"minecraft:phantom":4,"minecraft:drowned":3,"minecraft:husk":3,"minecraft:hoglin":1,"minecraft:wither_skeleton":3}},"DataVersion":3465}