{"stats":{"minecraft:used":{"minecraft:stone_sword":17,"minecraft:stone_shovel":3,"minecraft:spruce_planks":1,"minecraft:chest":5,"minecraft:shield":190,"minecraft:iron_sword":151,"minecraft:rotten_flesh":9,"minecraft:iron_chestplate":1,"minecraft:torch":63,"minecraft:dirt":151,"minecraft:anvil":1,"minecraft:carrot":2,"minecraft:acacia_sapling":3,"minecraft:tuff":13,"minecraft:granite":1,"minecraft:stripped_spruce_log":5,"minecraft:spruce_boat":3,"minecraft:iron_hoe":22,"minecraft:iron_axe":20,"minecraft:grass_block":12,"minecraft:stone_brick_stairs":1,"minecraft:stone_bricks":1,"minecraft:golden_sword":32,"minecraft:bow":4,"minecraft:sweet_berries":5,"minecraft:furnace":2,"minecraft:cooked_cod":1,"minecraft:acacia_wood":1,"minecraft:potato":14,"minecraft:golden_axe":83,"minecraft:cobbled_deepslate":10,"minecraft:andesite_slab":2,"minecraft:cauldron":1,"minecraft:baked_potato":10,"minecraft:cooked_mutton":5,"minecraft:oak_planks":24,"minecraft:wheat_seeds":35,"minecraft:stone_pickaxe":17,"minecraft:wooden_pickaxe":10,"minecraft:water_bucket":1,"minecraft:spruce_sign":2,"travelersbackpack:iron_golem":1,"minecraft:ender_pearl":2,"minecraft:polished_andesite":4,"minecraft:chainmail_helmet":1,"minecraft:golden_apple":1,"minecraft:crafting_table":9,"alexscaves:cave_book":1,"minecraft:crossbow":53,"minecraft:black_bed":1,"minecraft:spruce_log":40,"minecraft:dark_prismarine":15,"minecraft:diamond_pickaxe":11,"minecraft:iron_pickaxe":893,"minecraft:bread":61,"minecraft:gravel":6,"supplementaries:flax_seeds":5,"minecraft:stone_axe":7,"minecraft:diamond_sword":438,"minecraft:fishing_rod":15,"minecraft:cobblestone":14,"minecraft:grindstone":1,"minecraft:cooked_porkchop":1,"minecraft:dark_oak_fence":1,"minecraft:andesite":4,"minecraft:bucket":2,"minecraft:jukebox":2,"minecraft:bone_meal":60,"minecraft:experience_bottle":64},"minecraft:dropped":{"minecraft:enchanted_book":1,"minecraft:bread":50,"minecraft:wheat_seeds":8,"minecraft:crafting_table":1,"minecraft:iron_helmet":1,"minecraft:cobblestone":51,"alexsmobs:rocky_shell":1,"minecraft:honeycomb":41,"minecraft:chainmail_helmet":1,"minecraft:leather_helmet":3,"minecraft:stick":5,"gravestone:obituary":4,"minecraft:white_wool":1,"minecraft:tuff":2,"minecraft:wheat":3,"minecraft:raw_iron":1,"minecraft:pointed_dripstone":1,"minecraft:rotten_flesh":2,"minecraft:chainmail_chestplate":1,"minecraft:diamond_sword":1,"supplementaries:flax_seeds":8,"supplementaries:quiver":1,"minecraft:potato":6,"aether:iron_gloves":1,"minecraft:spruce_planks":13,"minecraft:diamond_pickaxe":2,"minecraft:iron_chestplate":2,"minecraft:andesite":7,"minecraft:spruce_log":47,"minecraft:spruce_slab":1,"minecraft:raw_gold":1,"minecraft:quartz":1},"minecraft:picked_up":{"minecraft:iron_chestplate":1,"minecraft:crafting_table":5,"minecraft:wheat":27,"minecraft:diamond_sword":2,"gravestone:obituary":2,"minecraft:cornflower":3,"minecraft:string":16,"minecraft:raw_copper":4,"minecraft:item_frame":1,"minecraft:purple_banner":1,"minecraft:gold_nugget":31,"minecraft:cobbled_deepslate":46,"minecraft:spruce_planks":22,"minecraft:oak_boat":1,"minecraft:spruce_slab":1,"minecraft:sugar_cane":18,"minecraft:phantom_membrane":2,"minecraft:furnace":1,"minecraft:stick":2,"minecraft:raw_iron":191,"minecraft:jukebox":1,"minecraft:torch":17,"minecraft:porkchop":1,"minecraft:pointed_dripstone":3,"minecraft:carrot":1,"minecraft:redstone":2,"supplementaries:flax":1,"minecraft:cauldron":1,"minecraft:dark_oak_planks":6,"minecraft:arrow":10,"minecraft:rotten_flesh":26,"supplementaries:antique_ink":3,"minecraft:saddle":2,"supplementaries:quiver":2,"supplementaries:ash":53,"minecraft:mutton":2,"minecraft:iron_bars":1,"minecraft:cod":1,"minecraft:white_wool":2,"minecraft:cobblestone":210,"minecraft:air":27,"minecraft:andesite":11,"minecraft:glow_ink_sac":7,"minecraft:salmon":6,"minecraft:black_bed":1,"minecraft:leather":1,"alexsmobs:acacia_blossom":1,"minecraft:acacia_wood":3,"minecraft:potato":29,"minecraft:flint":1,"minecraft:tuff":15,"minecraft:oak_log":6,"minecraft:chainmail_chestplate":1,"supplementaries:flax_seeds":17,"minecraft:lapis_lazuli":14,"alexsmobs:rocky_shell":3,"minecraft:dirt":38,"minecraft:white_banner":8,"minecraft:name_tag":1,"minecraft:bone":48,"minecraft:stone_bricks":1,"minecraft:bow":1,"minecraft:wheat_seeds":79,"minecraft:raw_gold":16,"minecraft:grindstone":1,"minecraft:oak_planks":1,"minecraft:honeycomb":41,"minecraft:acacia_sapling":3,"minecraft:book":96,"minecraft:sweet_berries":3,"minecraft:stripped_spruce_log":2,"minecraft:gravel":6,"minecraft:granite_slab":28,"minecraft:amethyst_shard":4,"minecraft:spruce_sapling":1,"minecraft:blast_furnace":3,"minecraft:ink_sac":10,"minecraft:spruce_log":110,"minecraft:spider_eye":3,"minecraft:leather_helmet":2,"minecraft:dark_prismarine":2,"minecraft:polished_andesite":3,"minecraft:sugar":1,"minecraft:diamond":15,"minecraft:spruce_boat":2,"minecraft:crossbow":1,"minecraft:granite":4,"minecraft:bone_meal":1,"minecraft:emerald":17,"minecraft:terracotta":8,"minecraft:dark_oak_fence":1,"minecraft:coal":84,"minecraft:diamond_pickaxe":1},"minecraft:crafted":{"minecraft:oak_planks":24,"minecraft:stone_shovel":1,"aether:iron_ring":1,"minecraft:furnace":1,"minecraft:bone_meal":60,"minecraft:candle":1,"alexscaves:cave_map":1,"minecraft:cooked_mutton":2,"alexsmobs:crocodile_egg":2,"minecraft:iron_boots":2,"minecraft:iron_axe":1,"minecraft:iron_hoe":1,"minecraft:stone_pickaxe":1,"minecraft:chest":5,"minecraft:spruce_boat":2,"minecraft:cooked_cod":1,"minecraft:diamond_sword":1,"minecraft:cooked_porkchop":1,"minecraft:spruce_sign":3,"minecraft:crafting_table":4,"minecraft:spruce_planks":168,"minecraft:iron_helmet":1,"minecraft:wooden_pickaxe":1,"minecraft:baked_potato":15,"minecraft:iron_sword":2,"minecraft:gold_block":14,"minecraft:bucket":1,"minecraft:stone_axe":1,"minecraft:bread":8,"minecraft:air":0,"minecraft:iron_chestplate":1,"minecraft:diamond_pickaxe":2,"minecraft:emerald_block":8,"minecraft:shield":4,"minecraft:stick":28,"minecraft:iron_ingot":119,"minecraft:iron_pickaxe":5,"minecraft:iron_block":26,"minecraft:stone_sword":1,"minecraft:iron_leggings":1,"minecraft:anvil":1,"minecraft:torch":4},"minecraft:broken":{"minecraft:iron_boots":1,"minecraft:chainmail_chestplate":1,"minecraft:golden_sword":1,"minecraft:golden_axe":1,"minecraft:iron_pickaxe":3,"aether:leather_gloves":1},"minecraft:custom":{"minecraft:interact_with_anvil":3,"minecraft:mob_kills":141,"minecraft:interact_with_crafting_table":51,"minecraft:open_barrel":96,"minecraft:leave_game":4,"minecraft:time_since_death":11119,"minecraft:climb_one_cm":41751,"minecraft:sprint_one_cm":470956,"minecraft:walk_one_cm":912528,"minecraft:damage_blocked_by_shield":5990,"minecraft:drop":67,"minecraft:talked_to_villager":6,"minecraft:raid_win":1,"minecraft:play_time":309155,"minecraft:sneak_time":14808,"minecraft:deaths":6,"minecraft:walk_under_water_one_cm":39682,"minecraft:boat_one_cm":177975,"minecraft:jump":4040,"minecraft:interact_with_blast_furnace":1,"minecraft:walk_on_water_one_cm":37660,"minecraft:total_world_time":309155,"minecraft:interact_with_furnace":41,"minecraft:traded_with_villager":2,"minecraft:tune_noteblock":27,"minecraft:interact_with_loom":2,"minecraft:raid_trigger":1,"minecraft:interact_with_stonecutter":1,"minecraft:sleep_in_bed":13,"minecraft:waystone_activated":2,"minecraft:time_since_rest":11147,"minecraft:damage_absorbed":40,"minecraft:damage_taken":5732,"minecraft:damage_dealt":24951,"minecraft:swim_one_cm":138273,"minecraft:fly_one_cm":773054,"minecraft:open_chest":177,"minecraft:crouch_one_cm":26922,"minecraft:fish_caught":1,"minecraft:fall_one_cm":108022,"minecraft:inspect_dispenser":5},"minecraft:mined":{"minecraft:dark_oak_planks":1,"minecraft:dark_prismarine":2,"minecraft:large_amethyst_bud":3,"minecraft:tuff":13,"minecraft:spruce_planks":15,"minecraft:mossy_cobblestone":7,"minecraft:deepslate_diamond_ore":13,"minecraft:candle":1,"minecraft:dark_oak_fence":7,"minecraft:granite":7,"gravestone:gravestone":3,"minecraft:grass_block":8,"minecraft:decorated_pot":1,"minecraft:redstone_wire":1,"minecraft:spruce_leaves":3,"minecraft:spawner":14,"minecraft:large_fern":2,"minecraft:black_stained_glass_pane":1,"minecraft:furnace":1,"minecraft:iron_ore":160,"supplementaries:flax":2,"minecraft:fire":2,"minecraft:acacia_wood":2,"minecraft:andesite":6,"minecraft:stripped_spruce_log":5,"minecraft:deepslate_lapis_ore":1,"minecraft:granite_slab":14,"minecraft:bookshelf":32,"minecraft:potatoes":8,"minecraft:deepslate_iron_ore":32,"minecraft:iron_bars":1,"minecraft:stone":317,"minecraft:white_wool":14,"minecraft:spruce_slab":1,"minecraft:tripwire":2,"minecraft:gray_concrete":4,"minecraft:soul_fire":5,"minecraft:chiseled_quartz_block":1,"minecraft:medium_amethyst_bud":2,"minecraft:amethyst_cluster":1,"minecraft:stone_brick_slab":1,"minecraft:cornflower":3,"minecraft:polished_granite":1,"minecraft:crafting_table":4,"minecraft:blast_furnace":3,"minecraft:emerald_ore":1,"minecraft:andesite_slab":1,"minecraft:tall_grass":49,"minecraft:cobblestone":37,"minecraft:deepslate_gold_ore":18,"minecraft:lapis_ore":1,"minecraft:grindstone":1,"minecraft:oak_planks":13,"minecraft:sugar_cane":11,"minecraft:bricks":1,"minecraft:cauldron":1,"supplementaries:urn":32,"minecraft:spruce_stairs":1,"minecraft:acacia_sapling":1,"minecraft:light_gray_stained_glass":5,"minecraft:spruce_log":18,"minecraft:birch_leaves":13,"minecraft:jukebox":1,"minecraft:wheat":28,"minecraft:blue_ice":1,"minecraft:black_bed":1,"minecraft:grass":74,"minecraft:coal_ore":87,"minecraft:oak_log":6,"minecraft:gravel":8,"minecraft:dirt":18,"minecraft:cobweb":22,"minecraft:terracotta":7,"minecraft:stone_bricks":1,"minecraft:polished_andesite":15,"minecraft:oak_leaves":1,"minecraft:deepslate":65,"minecraft:infested_stone":4},"minecraft:killed":{"minecraft:cave_spider":8,"minecraft:witch":1,"minecraft:spider":8,"minecraft:vindicator":1,"minecraft:phantom":7,"minecraft:skeleton":36,"minecraft:silverfish":2,"minecraft:drowned":2,"alexsmobs:rocky_roller":2,"minecraft:magma_cube":2,"minecraft:pig":1,"minecraft:zombie_villager":1,"minecraft:salmon":6,"minecraft:ravager":2,"minecraft:creeper":1,"minecraft:sheep":1,"minecraft:pillager":17,"minecraft:zombie":33,"alexsmobs:terrapin":3}},"DataVersion":3465}