{"stats":{"minecraft:custom":{"minecraft:mob_kills":122,"minecraft:interact_with_crafting_table":40,"minecraft:open_barrel":90,"minecraft:leave_game":2,"minecraft:time_since_death":192779,"minecraft:climb_one_cm":38389,"minecraft:sprint_one_cm":370127,"minecraft:walk_one_cm":733334,"minecraft:damage_blocked_by_shield":4835,"minecraft:drop":62,"minecraft:talked_to_villager":4,"minecraft:raid_win":1,"minecraft:play_time":251289,"minecraft:sneak_time":12743,"minecraft:deaths":3,"minecraft:walk_under_water_one_cm":34532,"minecraft:boat_one_cm":135495,"minecraft:jump":3223,"minecraft:walk_on_water_one_cm":27184,"minecraft:total_world_time":251289,"minecraft:interact_with_furnace":27,"minecraft:tune_noteblock":27,"minecraft:interact_with_loom":2,"minecraft:raid_trigger":1,"minecraft:interact_with_stonecutter":1,"minecraft:sleep_in_bed":9,"minecraft:waystone_activated":2,"minecraft:time_since_rest":10628,"minecraft:damage_absorbed":40,"minecraft:damage_taken":3956,"minecraft:damage_dealt":21504,"minecraft:swim_one_cm":104833,"minecraft:fly_one_cm":659485,"minecraft:open_chest":127,"minecraft:crouch_one_cm":24270,"minecraft:fish_caught":1,"minecraft:fall_one_cm":86103,"minecraft:inspect_dispenser":5},"minecraft:killed":{"minecraft:cave_spider":7,"minecraft:witch":1,"minecraft:spider":7,"minecraft:vindicator":1,"minecraft:phantom":7,"minecraft:skeleton":32,"minecraft:silverfish":2,"minecraft:drowned":2,"alexsmobs:rocky_roller":2,"minecraft:magma_cube":2,"minecraft:pig":1,"minecraft:zombie_villager":1,"minecraft:salmon":6,"minecraft:ravager":2,"minecraft:creeper":1,"minecraft:sheep":1,"minecraft:pillager":17,"minecraft:zombie":20,"alexsmobs:terrapin":3},"minecraft:crafted":{"minecraft:oak_planks":24,"minecraft:stone_shovel":1,"minecraft:furnace":1,"minecraft:bone_meal":45,"minecraft:candle":1,"alexscaves:cave_map":1,"minecraft:cooked_mutton":2,"minecraft:iron_boots":1,"minecraft:iron_axe":1,"minecraft:iron_hoe":1,"minecraft:stone_pickaxe":1,"minecraft:chest":5,"minecraft:spruce_boat":2,"minecraft:cooked_cod":1,"minecraft:diamond_sword":1,"minecraft:cooked_porkchop":1,"minecraft:crafting_table":4,"minecraft:spruce_planks":160,"minecraft:iron_helmet":1,"minecraft:wooden_pickaxe":1,"minecraft:baked_potato":4,"minecraft:iron_sword":1,"minecraft:gold_block":14,"minecraft:bucket":1,"minecraft:stone_axe":1,"minecraft:bread":6,"minecraft:air":0,"minecraft:iron_chestplate":1,"minecraft:diamond_pickaxe":1,"minecraft:emerald_block":8,"minecraft:shield":2,"minecraft:stick":20,"minecraft:iron_ingot":69,"minecraft:iron_pickaxe":4,"minecraft:iron_block":26,"minecraft:stone_sword":1,"minecraft:iron_leggings":1,"minecraft:torch":4},"minecraft:dropped":{"minecraft:enchanted_book":1,"minecraft:bread":50,"minecraft:wheat_seeds":7,"minecraft:crafting_table":1,"minecraft:iron_helmet":1,"minecraft:cobblestone":51,"alexsmobs:rocky_shell":1,"minecraft:honeycomb":41,"minecraft:chainmail_helmet":1,"minecraft:leather_helmet":3,"minecraft:stick":5,"gravestone:obituary":2,"minecraft:white_wool":1,"minecraft:tuff":2,"minecraft:wheat":3,"minecraft:raw_iron":1,"minecraft:pointed_dripstone":1,"minecraft:chainmail_chestplate":1,"minecraft:diamond_sword":1,"supplementaries:flax_seeds":8,"minecraft:potato":6,"aether:iron_gloves":1,"minecraft:spruce_planks":13,"minecraft:diamond_pickaxe":2,"minecraft:iron_chestplate":2,"minecraft:andesite":7,"minecraft:spruce_log":47,"minecraft:spruce_slab":1,"minecraft:raw_gold":1,"minecraft:quartz":1},"minecraft:mined":{"minecraft:dark_oak_planks":1,"minecraft:dark_prismarine":2,"minecraft:large_amethyst_bud":3,"minecraft:spruce_planks":14,"minecraft:mossy_cobblestone":7,"minecraft:deepslate_diamond_ore":5,"minecraft:candle":1,"minecraft:dark_oak_fence":7,"minecraft:granite":7,"gravestone:gravestone":1,"minecraft:grass_block":5,"minecraft:decorated_pot":1,"minecraft:redstone_wire":1,"minecraft:spawner":14,"minecraft:black_stained_glass_pane":1,"minecraft:furnace":1,"minecraft:iron_ore":147,"supplementaries:flax":2,"minecraft:fire":2,"minecraft:acacia_wood":2,"minecraft:andesite":6,"minecraft:stripped_spruce_log":3,"minecraft:granite_slab":14,"minecraft:bookshelf":32,"minecraft:potatoes":2,"minecraft:deepslate_iron_ore":19,"minecraft:iron_bars":1,"minecraft:stone":185,"minecraft:white_wool":14,"minecraft:spruce_slab":1,"minecraft:tripwire":2,"minecraft:gray_concrete":4,"minecraft:soul_fire":5,"minecraft:medium_amethyst_bud":2,"minecraft:amethyst_cluster":1,"minecraft:stone_brick_slab":1,"minecraft:chiseled_quartz_block":1,"minecraft:cornflower":3,"minecraft:polished_granite":1,"minecraft:crafting_table":4,"minecraft:blast_furnace":1,"minecraft:emerald_ore":1,"minecraft:andesite_slab":1,"minecraft:tall_grass":47,"minecraft:cobblestone":37,"minecraft:deepslate_gold_ore":1,"minecraft:grindstone":1,"minecraft:oak_planks":12,"minecraft:sugar_cane":4,"minecraft:bricks":1,"minecraft:cauldron":1,"supplementaries:urn":20,"minecraft:spruce_stairs":1,"minecraft:acacia_sapling":1,"minecraft:light_gray_stained_glass":5,"minecraft:spruce_log":18,"minecraft:birch_leaves":13,"minecraft:jukebox":1,"minecraft:wheat":22,"minecraft:blue_ice":1,"minecraft:black_bed":1,"minecraft:grass":73,"minecraft:oak_log":6,"minecraft:coal_ore":85,"minecraft:gravel":6,"minecraft:dirt":12,"minecraft:cobweb":22,"minecraft:terracotta":7,"minecraft:polished_andesite":15,"minecraft:stone_bricks":1,"minecraft:deepslate":26,"minecraft:infested_stone":4},"minecraft:used":{"minecraft:stone_sword":17,"minecraft:stone_shovel":3,"minecraft:chest":5,"minecraft:shield":170,"minecraft:iron_sword":143,"minecraft:rotten_flesh":7,"minecraft:iron_chestplate":1,"minecraft:torch":63,"minecraft:dirt":151,"minecraft:carrot":2,"minecraft:acacia_sapling":3,"minecraft:granite":1,"minecraft:stripped_spruce_log":5,"minecraft:spruce_boat":3,"minecraft:iron_hoe":22,"minecraft:iron_axe":20,"minecraft:grass_block":12,"minecraft:stone_brick_stairs":1,"minecraft:stone_bricks":1,"minecraft:golden_sword":32,"minecraft:furnace":2,"minecraft:cooked_cod":1,"minecraft:acacia_wood":1,"minecraft:potato":9,"minecraft:golden_axe":83,"minecraft:cobbled_deepslate":8,"minecraft:wheat_seeds":28,"minecraft:cooked_mutton":2,"minecraft:andesite_slab":2,"minecraft:water_bucket":1,"minecraft:cauldron":1,"minecraft:baked_potato":4,"minecraft:oak_planks":23,"minecraft:stone_pickaxe":17,"minecraft:wooden_pickaxe":10,"travelersbackpack:iron_golem":1,"minecraft:ender_pearl":2,"minecraft:polished_andesite":4,"minecraft:chainmail_helmet":1,"minecraft:golden_apple":1,"minecraft:crafting_table":9,"alexscaves:cave_book":1,"minecraft:crossbow":49,"minecraft:black_bed":1,"minecraft:spruce_log":40,"minecraft:dark_prismarine":15,"minecraft:diamond_pickaxe":11,"minecraft:iron_pickaxe":631,"minecraft:bread":57,"minecraft:gravel":4,"supplementaries:flax_seeds":5,"minecraft:stone_axe":7,"minecraft:diamond_sword":391,"minecraft:fishing_rod":15,"minecraft:cobblestone":11,"minecraft:grindstone":1,"minecraft:cooked_porkchop":1,"minecraft:dark_oak_fence":1,"minecraft:andesite":4,"minecraft:bucket":2,"minecraft:jukebox":2,"minecraft:bone_meal":45,"minecraft:experience_bottle":64},"minecraft:picked_up":{"minecraft:crafting_table":5,"minecraft:iron_chestplate":1,"minecraft:wheat":23,"minecraft:diamond_sword":1,"minecraft:cornflower":3,"minecraft:string":12,"minecraft:raw_copper":4,"minecraft:purple_banner":1,"minecraft:cobbled_deepslate":8,"minecraft:spruce_planks":21,"minecraft:spruce_slab":1,"minecraft:sugar_cane":10,"minecraft:phantom_membrane":2,"minecraft:furnace":1,"minecraft:stick":2,"minecraft:raw_iron":166,"minecraft:jukebox":1,"minecraft:torch":10,"minecraft:porkchop":1,"minecraft:pointed_dripstone":3,"minecraft:carrot":1,"minecraft:redstone":2,"supplementaries:flax":1,"minecraft:cauldron":1,"minecraft:dark_oak_planks":6,"minecraft:arrow":10,"minecraft:rotten_flesh":15,"minecraft:saddle":2,"supplementaries:ash":17,"minecraft:mutton":2,"minecraft:iron_bars":1,"minecraft:cod":1,"minecraft:white_wool":2,"minecraft:cobblestone":79,"minecraft:air":22,"minecraft:andesite":11,"minecraft:glow_ink_sac":7,"minecraft:salmon":6,"minecraft:black_bed":1,"minecraft:leather":1,"alexsmobs:acacia_blossom":1,"minecraft:acacia_wood":3,"minecraft:potato":14,"minecraft:flint":1,"minecraft:tuff":2,"minecraft:oak_log":6,"minecraft:chainmail_chestplate":1,"supplementaries:flax_seeds":17,"alexsmobs:rocky_shell":3,"minecraft:dirt":29,"minecraft:white_banner":8,"minecraft:name_tag":1,"minecraft:bone":40,"minecraft:stone_bricks":1,"minecraft:wheat_seeds":66,"minecraft:raw_gold":1,"minecraft:grindstone":1,"minecraft:honeycomb":41,"minecraft:acacia_sapling":3,"minecraft:book":96,"minecraft:gravel":4,"minecraft:amethyst_shard":4,"minecraft:granite_slab":28,"minecraft:spruce_sapling":1,"minecraft:blast_furnace":1,"minecraft:spruce_log":110,"minecraft:spider_eye":2,"minecraft:leather_helmet":2,"minecraft:dark_prismarine":2,"minecraft:polished_andesite":3,"minecraft:sugar":1,"minecraft:diamond":7,"minecraft:spruce_boat":2,"minecraft:crossbow":1,"minecraft:granite":4,"minecraft:bone_meal":1,"minecraft:emerald":12,"minecraft:terracotta":8,"minecraft:dark_oak_fence":1,"minecraft:coal":82,"minecraft:diamond_pickaxe":1},"minecraft:broken":{"minecraft:iron_boots":1,"minecraft:golden_sword":1,"minecraft:golden_axe":1,"minecraft:iron_pickaxe":2,"aether:leather_gloves":1}},"DataVersion":3465}