{"stats":{"minecraft:used":{"minecraft:chest":5,"minecraft:shield":226,"minecraft:iron_sword":151,"minecraft:rotten_flesh":9,"minecraft:iron_chestplate":1,"minecraft:carrot":2,"minecraft:acacia_sapling":3,"minecraft:tuff":13,"minecraft:axolotl_bucket":1,"minecraft:stripped_spruce_log":5,"minecraft:spruce_boat":3,"minecraft:cyan_terracotta":2,"minecraft:lava_bucket":1,"minecraft:grass_block":12,"minecraft:stone_brick_stairs":1,"minecraft:stone_bricks":1,"minecraft:golden_sword":32,"minecraft:bow":4,"minecraft:sweet_berries":5,"minecraft:furnace":2,"minecraft:cooked_cod":1,"minecraft:potato":77,"minecraft:stone_pickaxe":17,"minecraft:oak_planks":24,"minecraft:ender_pearl":2,"minecraft:wooden_pickaxe":10,"travelersbackpack:iron_golem":5,"minecraft:chainmail_helmet":1,"minecraft:golden_apple":1,"alexscaves:cave_book":1,"minecraft:blast_furnace":2,"minecraft:crossbow":72,"minecraft:black_bed":1,"minecraft:bread":77,"minecraft:gravel":7,"supplementaries:flax_seeds":10,"minecraft:diamond_sword":505,"minecraft:grindstone":1,"minecraft:dark_oak_fence":2,"minecraft:andesite":9,"minecraft:oak_boat":1,"minecraft:bone_meal":93,"minecraft:experience_bottle":64,"minecraft:enchanting_table":1,"minecraft:stone_sword":17,"minecraft:music_disc_otherside":1,"minecraft:armor_stand":1,"minecraft:stone_shovel":3,"minecraft:spruce_planks":1,"minecraft:torch":166,"minecraft:dirt":164,"minecraft:anvil":1,"minecraft:spruce_stairs":2,"minecraft:granite":1,"minecraft:iron_hoe":99,"minecraft:wooden_axe":18,"minecraft:bookshelf":32,"minecraft:iron_axe":172,"minecraft:acacia_slab":36,"minecraft:acacia_wood":1,"minecraft:acacia_planks":1,"minecraft:cobbled_deepslate":48,"minecraft:light_gray_bed":4,"minecraft:golden_axe":83,"minecraft:pointed_dripstone":2,"minecraft:wheat_seeds":40,"minecraft:cooked_mutton":5,"minecraft:water_bucket":8,"minecraft:polished_andesite":8,"minecraft:baked_potato":10,"minecraft:andesite_slab":2,"minecraft:spruce_sign":3,"minecraft:cauldron":4,"minecraft:music_disc_cat":1,"minecraft:crafting_table":13,"minecraft:spruce_log":40,"minecraft:small_amethyst_bud":8,"minecraft:dark_prismarine":15,"minecraft:diamond_pickaxe":38,"minecraft:iron_pickaxe":1239,"minecraft:spruce_sapling":6,"minecraft:stone_axe":7,"minecraft:fishing_rod":15,"minecraft:cobblestone":32,"minecraft:cooked_porkchop":1,"minecraft:bucket":11,"minecraft:smooth_stone":1,"minecraft:jukebox":2},"minecraft:dropped":{"minecraft:spruce_sign":1,"minecraft:stripped_mangrove_wood":1,"minecraft:crafting_table":1,"alexsmobs:rocky_shell":1,"minecraft:honeycomb":41,"minecraft:saddle":1,"minecraft:leather_helmet":3,"gravestone:obituary":15,"alexscaves:cave_map":2,"minecraft:gold_nugget":31,"minecraft:small_amethyst_bud":8,"minecraft:white_wool":1,"alexsmobs:centipede_leg":1,"minecraft:music_disc_otherside":1,"minecraft:wheat":3,"minecraft:pointed_dripstone":1,"minecraft:rotten_flesh":5,"minecraft:chainmail_chestplate":2,"minecraft:leather_chestplate":1,"supplementaries:flax_seeds":8,"minecraft:spruce_slab":1,"minecraft:quartz":1,"minecraft:enchanted_book":2,"minecraft:iron_ingot":20,"minecraft:bread":50,"minecraft:wheat_seeds":11,"minecraft:poisonous_potato":1,"minecraft:iron_helmet":1,"minecraft:cobblestone":51,"minecraft:book":64,"minecraft:chainmail_helmet":1,"minecraft:stick":20,"minecraft:wooden_axe":1,"minecraft:rose_bush":2,"minecraft:chainmail_leggings":1,"minecraft:spruce_sapling":1,"alexsmobs:acacia_blossom":1,"minecraft:tuff":2,"minecraft:raw_iron":3,"minecraft:iron_boots":1,"minecraft:filled_map":1,"minecraft:diamond_sword":1,"minecraft:potato":6,"supplementaries:quiver":1,"aether:iron_gloves":1,"minecraft:spruce_planks":13,"minecraft:iron_chestplate":2,"minecraft:diamond_pickaxe":3,"minecraft:andesite":7,"minecraft:spruce_log":47,"minecraft:raw_gold":1},"minecraft:picked_up":{"minecraft:iron_chestplate":1,"minecraft:wheat":31,"minecraft:diamond_sword":3,"aether:iron_gloves":1,"alexscaves:cave_tablet":6,"minecraft:enchanted_book":2,"minecraft:music_disc_cat":1,"minecraft:string":16,"minecraft:raw_copper":4,"minecraft:purple_banner":1,"minecraft:gold_nugget":62,"minecraft:cobbled_deepslate":106,"minecraft:spruce_planks":25,"minecraft:rose_bush":5,"minecraft:iron_pickaxe":1,"minecraft:furnace":1,"minecraft:stick":32,"minecraft:jukebox":1,"minecraft:torch":19,"minecraft:acacia_log":48,"minecraft:spruce_stairs":2,"minecraft:porkchop":1,"minecraft:pointed_dripstone":3,"supplementaries:flax":4,"alexsmobs:centipede_leg":3,"minecraft:cauldron":3,"minecraft:light_gray_bed":3,"minecraft:rotten_flesh":36,"supplementaries:antique_ink":3,"minecraft:cyan_terracotta":2,"supplementaries:ash":53,"supplementaries:quiver":2,"aether:iron_ring":1,"minecraft:obsidian":4,"minecraft:cod":1,"minecraft:iron_bars":1,"minecraft:cobblestone":282,"travelersbackpack:iron_golem":1,"minecraft:leather_chestplate":1,"minecraft:andesite":16,"minecraft:black_bed":1,"alexscaves:cave_book":1,"minecraft:potato":99,"minecraft:flint":5,"minecraft:tuff":15,"supplementaries:flax_seeds":22,"minecraft:dirt":51,"alexsmobs:rocky_shell":3,"minecraft:lapis_lazuli":14,"minecraft:name_tag":1,"minecraft:bone":55,"minecraft:bow":1,"minecraft:wheat_seeds":99,"minecraft:raw_gold":16,"minecraft:grindstone":1,"minecraft:honeycomb":41,"minecraft:oak_planks":1,"minecraft:axolotl_bucket":2,"minecraft:poisonous_potato":2,"minecraft:stripped_spruce_log":10,"minecraft:ink_sac":10,"minecraft:granite_slab":28,"minecraft:mossy_cobblestone":1,"minecraft:dark_prismarine":2,"minecraft:polished_andesite":7,"minecraft:sugar":1,"minecraft:diamond":15,"minecraft:spruce_boat":2,"minecraft:crossbow":2,"minecraft:granite":4,"minecraft:bone_meal":1,"minecraft:spruce_sign":1,"minecraft:emerald":17,"minecraft:dark_oak_fence":2,"minecraft:diamond_pickaxe":2,"minecraft:crafting_table":5,"gravestone:obituary":13,"minecraft:cornflower":21,"minecraft:iron_axe":1,"minecraft:item_frame":1,"minecraft:blue_orchid":13,"minecraft:music_disc_otherside":3,"minecraft:oak_boat":1,"minecraft:spruce_slab":1,"supplementaries:rope":3,"minecraft:sugar_cane":18,"minecraft:birch_sapling":1,"minecraft:phantom_membrane":2,"minecraft:raw_iron":235,"minecraft:stripped_mangrove_wood":1,"minecraft:carrot":1,"minecraft:redstone":2,"minecraft:dark_oak_planks":6,"minecraft:arrow":17,"minecraft:saddle":2,"minecraft:mutton":2,"minecraft:white_wool":2,"minecraft:air":27,"minecraft:glow_ink_sac":7,"minecraft:salmon":6,"minecraft:leather":1,"alexsmobs:acacia_blossom":2,"minecraft:red_mushroom":10,"minecraft:acacia_wood":10,"minecraft:filled_map":2,"minecraft:oak_log":7,"minecraft:chainmail_chestplate":1,"minecraft:gunpowder":2,"minecraft:white_banner":8,"minecraft:stone_bricks":1,"minecraft:acacia_sapling":13,"minecraft:book":529,"minecraft:sweet_berries":3,"minecraft:gravel":19,"minecraft:small_amethyst_bud":8,"minecraft:amethyst_shard":4,"minecraft:blast_furnace":3,"minecraft:spruce_sapling":8,"minecraft:spruce_log":111,"minecraft:spider_eye":3,"minecraft:leather_helmet":2,"alexscaves:cave_map":1,"minecraft:terracotta":8,"minecraft:coal":256},"minecraft:crafted":{"minecraft:smooth_stone":4,"minecraft:oak_planks":28,"aether:iron_ring":1,"minecraft:stone":7,"minecraft:bookshelf":32,"minecraft:cooked_mutton":2,"alexsmobs:crocodile_egg":2,"minecraft:diamond_helmet":1,"minecraft:diamond_leggings":1,"minecraft:iron_boots":3,"minecraft:chest":5,"supplementaries:rope_arrow":1,"minecraft:cauldron":1,"minecraft:cooked_porkchop":1,"minecraft:crafting_table":8,"minecraft:spruce_planks":204,"minecraft:acacia_slab":36,"minecraft:wooden_pickaxe":1,"minecraft:baked_potato":24,"minecraft:iron_helmet":2,"supplementaries:rope":3,"minecraft:gold_block":14,"minecraft:light_gray_bed":1,"minecraft:iron_chestplate":1,"minecraft:diamond_pickaxe":3,"minecraft:emerald_block":8,"minecraft:shield":5,"minecraft:stick":64,"minecraft:stone_slab":6,"minecraft:iron_ingot":276,"minecraft:iron_pickaxe":5,"minecraft:iron_block":37,"minecraft:stone_sword":1,"minecraft:stone_shovel":1,"minecraft:smooth_stone_slab":6,"minecraft:furnace":1,"minecraft:bone_meal":93,"minecraft:candle":1,"alexscaves:cave_map":1,"minecraft:iron_axe":4,"minecraft:iron_hoe":1,"minecraft:stone_pickaxe":1,"minecraft:diamond_boots":1,"minecraft:spruce_boat":2,"minecraft:cooked_cod":1,"minecraft:diamond_sword":1,"minecraft:spruce_sign":3,"minecraft:enchanting_table":1,"minecraft:iron_sword":2,"minecraft:bucket":3,"minecraft:stone_axe":1,"minecraft:bread":8,"minecraft:air":0,"minecraft:wooden_axe":1,"minecraft:iron_leggings":2,"minecraft:armor_stand":1,"minecraft:anvil":1,"minecraft:acacia_planks":220,"minecraft:torch":112,"minecraft:diamond_chestplate":1},"minecraft:broken":{"minecraft:iron_boots":1,"minecraft:golden_sword":1,"minecraft:chainmail_chestplate":1,"minecraft:shield":1,"minecraft:golden_axe":1,"minecraft:iron_pickaxe":4,"minecraft:iron_helmet":1,"aether:leather_gloves":1},"minecraft:custom":{"minecraft:interact_with_crafting_table":90,"minecraft:open_barrel":129,"minecraft:leave_game":4,"minecraft:time_since_death":92928,"minecraft:sprint_one_cm":694764,"minecraft:damage_blocked_by_shield":7625,"minecraft:drop":108,"minecraft:talked_to_villager":7,"minecraft:play_time":459155,"minecraft:deaths":18,"minecraft:jump":5852,"minecraft:walk_on_water_one_cm":46116,"minecraft:interact_with_furnace":72,"minecraft:play_record":2,"minecraft:traded_with_villager":2,"minecraft:interact_with_loom":2,"minecraft:sleep_in_bed":17,"minecraft:waystone_activated":2,"minecraft:damage_dealt":28746,"minecraft:crouch_one_cm":53905,"minecraft:inspect_dispenser":5,"minecraft:mob_kills":163,"minecraft:interact_with_anvil":10,"minecraft:climb_one_cm":51977,"minecraft:walk_one_cm":1302860,"minecraft:raid_win":1,"minecraft:sneak_time":26242,"minecraft:walk_under_water_one_cm":47216,"minecraft:boat_one_cm":184455,"minecraft:interact_with_blast_furnace":2,"minecraft:total_world_time":459155,"minecraft:tune_noteblock":27,"minecraft:raid_trigger":1,"minecraft:interact_with_stonecutter":1,"minecraft:time_since_rest":5294,"minecraft:damage_taken":10121,"minecraft:damage_absorbed":40,"minecraft:swim_one_cm":170078,"minecraft:fly_one_cm":1057709,"minecraft:open_chest":331,"minecraft:fish_caught":1,"minecraft:fall_one_cm":158696},"minecraft:mined":{"minecraft:dark_oak_planks":1,"minecraft:large_amethyst_bud":3,"minecraft:spruce_planks":18,"minecraft:farmland":2,"minecraft:obsidian":4,"minecraft:granite":7,"minecraft:grass_block":15,"minecraft:light_gray_bed":3,"minecraft:spawner":14,"minecraft:iron_ore":202,"minecraft:fire":2,"minecraft:cobbled_deepslate":9,"minecraft:granite_slab":14,"minecraft:deepslate_lapis_ore":1,"minecraft:iron_bars":1,"minecraft:blue_orchid":13,"minecraft:spruce_slab":1,"minecraft:tripwire":2,"minecraft:cyan_terracotta":2,"minecraft:medium_amethyst_bud":2,"minecraft:soul_fire":5,"minecraft:amethyst_cluster":1,"minecraft:chiseled_quartz_block":1,"minecraft:blast_furnace":3,"minecraft:cobblestone":43,"minecraft:grindstone":1,"minecraft:sugar_cane":11,"minecraft:oak_planks":13,"minecraft:bricks":1,"minecraft:wall_torch":2,"minecraft:cauldron":3,"minecraft:acacia_sapling":2,"minecraft:light_gray_stained_glass":5,"minecraft:wheat":33,"minecraft:blue_ice":1,"minecraft:jukebox":1,"minecraft:black_bed":1,"minecraft:grass":84,"minecraft:oak_log":7,"minecraft:dirt":22,"minecraft:oak_leaves":1,"minecraft:deepslate":118,"minecraft:dark_prismarine":2,"minecraft:tuff":13,"minecraft:mossy_cobblestone":8,"minecraft:deepslate_diamond_ore":13,"minecraft:candle":1,"gravestone:gravestone":14,"minecraft:dark_oak_fence":8,"minecraft:decorated_pot":1,"minecraft:redstone_wire":1,"minecraft:spruce_leaves":153,"minecraft:acacia_slab":15,"minecraft:red_mushroom":9,"minecraft:large_fern":2,"minecraft:black_stained_glass_pane":1,"supplementaries:rope":3,"minecraft:furnace":1,"minecraft:nether_sprouts":4,"supplementaries:flax":5,"minecraft:acacia_wood":9,"minecraft:andesite":12,"minecraft:stripped_spruce_log":13,"minecraft:bookshelf":156,"minecraft:potatoes":38,"minecraft:deepslate_iron_ore":32,"minecraft:stone":382,"minecraft:white_wool":14,"minecraft:gray_concrete":4,"minecraft:stone_brick_slab":1,"minecraft:polished_granite":1,"minecraft:crafting_table":4,"minecraft:cornflower":21,"minecraft:emerald_ore":1,"minecraft:rose_bush":2,"minecraft:andesite_slab":1,"minecraft:tall_grass":49,"minecraft:lapis_ore":1,"minecraft:deepslate_gold_ore":18,"supplementaries:urn":32,"minecraft:spruce_stairs":3,"minecraft:purple_wool":1,"minecraft:spruce_log":19,"minecraft:birch_leaves":20,"minecraft:coal_ore":259,"minecraft:gravel":25,"minecraft:cobweb":22,"minecraft:terracotta":7,"minecraft:polished_andesite":19,"minecraft:stone_bricks":1,"minecraft:fern":2,"minecraft:infested_stone":4},"minecraft:killed":{"minecraft:cave_spider":8,"minecraft:witch":1,"minecraft:spider":8,"minecraft:skeleton":46,"minecraft:silverfish":2,"alexsmobs:centipede_head":1,"minecraft:magma_cube":2,"minecraft:pig":1,"minecraft:zombie_villager":1,"minecraft:salmon":6,"minecraft:creeper":2,"minecraft:sheep":1,"minecraft:pillager":17,"minecraft:zombie":43,"alexsmobs:terrapin":3,"minecraft:vindicator":1,"minecraft:phantom":7,"minecraft:drowned":2,"alexsmobs:rocky_roller":2,"minecraft:ravager":2}},"DataVersion":3465}