{"stats":{"minecraft:broken":{"minecraft:iron_boots":1,"minecraft:iron_chestplate":1,"minecraft:iron_leggings":2,"minecraft:stone_pickaxe":1,"minecraft:diamond_boots":1,"minecraft:stone_axe":1,"minecraft:stone_shovel":1,"minecraft:shield":3,"minecraft:iron_axe":3},"minecraft:mined":{"minecraft:dark_oak_planks":23,"minecraft:waxed_cut_copper_slab":1,"minecraft:spruce_planks":118,"minecraft:white_bed":7,"travelersbackpack:pumpkin":3,"minecraft:brewing_stand":1,"minecraft:spruce_trapdoor":2,"minecraft:cave_vines_plant":1,"minecraft:granite":2,"minecraft:grass_block":139,"minecraft:acacia_log":7,"minecraft:coal_block":4,"minecraft:spawner":30,"minecraft:tall_seagrass":1,"minecraft:magma_block":1,"minecraft:iron_ore":31,"minecraft:fire":8,"minecraft:moss_carpet":4,"minecraft:pumpkin":7,"minecraft:brown_bed":1,"minecraft:enchanting_table":1,"minecraft:cave_vines":1,"minecraft:oak_stairs":3,"minecraft:iron_bars":1,"minecraft:light_gray_concrete":12,"minecraft:white_banner":1,"minecraft:blue_orchid":1,"minecraft:player_head":1,"minecraft:spruce_slab":1,"minecraft:gray_terracotta":4,"minecraft:cyan_terracotta":7,"minecraft:red_bed":2,"minecraft:torch":3,"minecraft:blast_furnace":9,"minecraft:calcite":38,"minecraft:polished_andesite_stairs":1,"minecraft:melon":2,"minecraft:chest":4,"minecraft:cobblestone":90,"minecraft:birch_wood":1,"minecraft:damaged_anvil":2,"minecraft:cyan_bed":8,"minecraft:oak_planks":47,"minecraft:sugar_cane":6,"minecraft:bricks":5,"minecraft:wall_torch":7,"minecraft:seagrass":2,"minecraft:cyan_wool":1,"minecraft:dark_oak_slab":4,"minecraft:waxed_copper_block":1,"minecraft:stone_brick_stairs":2,"minecraft:grass":117,"minecraft:oak_log":4,"minecraft:dirt":102,"minecraft:sand":19,"minecraft:stonecutter":1,"minecraft:deepslate":5,"minecraft:oak_leaves":2,"minecraft:emerald_block":1,"alexscaves:spelunkery_table":2,"minecraft:mossy_cobblestone":4,"gravestone:gravestone":21,"minecraft:dark_oak_fence":4,"minecraft:purple_terracotta":5,"minecraft:spruce_fence":7,"minecraft:decorated_pot":2,"minecraft:redstone_wire":1,"minecraft:spruce_leaves":7,"minecraft:moss_block":12,"minecraft:large_fern":2,"minecraft:hay_block":137,"minecraft:furnace":4,"minecraft:carrots":7,"minecraft:raw_gold_block":3,"minecraft:nether_sprouts":2,"minecraft:snow":128,"minecraft:acacia_wood":1,"minecraft:andesite":55,"minecraft:stripped_spruce_log":9,"minecraft:gold_block":4,"minecraft:polished_deepslate":1,"minecraft:bookshelf":32,"minecraft:shroomlight":1,"minecraft:smooth_quartz_stairs":1,"minecraft:stone":214,"minecraft:white_wool":56,"minecraft:mangrove_stairs":1,"minecraft:flowering_azalea":1,"minecraft:brown_stained_glass_pane":2,"minecraft:crafting_table":18,"minecraft:cornflower":1,"minecraft:emerald_ore":5,"minecraft:warped_roots":1,"minecraft:copper_ore":3,"minecraft:tall_grass":31,"minecraft:diorite":4,"supplementaries:urn":2,"minecraft:spruce_stairs":6,"minecraft:black_stained_glass":3,"minecraft:magenta_terracotta":2,"minecraft:sweet_berry_bush":25,"minecraft:white_carpet":1,"minecraft:spruce_log":6,"minecraft:birch_leaves":8,"minecraft:yellow_bed":10,"minecraft:red_wall_banner":1,"minecraft:coal_ore":14,"minecraft:cyan_carpet":7,"minecraft:gravel":21,"minecraft:gray_carpet":2,"minecraft:cobweb":77,"minecraft:terracotta":9,"minecraft:acacia_planks":18,"minecraft:polished_andesite":3,"minecraft:stripped_acacia_wood":15,"minecraft:stone_bricks":21,"minecraft:mossy_stone_bricks":1,"minecraft:iron_trapdoor":1,"minecraft:fern":8},"minecraft:crafted":{"minecraft:oak_planks":200,"minecraft:cooked_chicken":1,"travelersbackpack:enderman":1,"minecraft:cooked_mutton":4,"minecraft:glass":16,"minecraft:iron_boots":2,"minecraft:chest":11,"minecraft:stone_hoe":1,"minecraft:oak_slab":12,"minecraft:emerald":9,"minecraft:cooked_porkchop":3,"minecraft:crafting_table":10,"minecraft:spruce_planks":1228,"minecraft:iron_helmet":3,"minecraft:wooden_pickaxe":2,"travelersbackpack:standard":1,"minecraft:iron_chestplate":2,"minecraft:charcoal":3,"minecraft:shield":4,"minecraft:stick":72,"minecraft:iron_ingot":28,"minecraft:iron_pickaxe":2,"minecraft:gold_ingot":85,"minecraft:spruce_fence_gate":2,"minecraft:shears":1,"minecraft:coal":36,"minecraft:stone_shovel":2,"minecraft:furnace":4,"minecraft:bone_meal":18,"minecraft:spruce_fence":30,"minecraft:flint_and_steel":1,"travelersbackpack:white_sleeping_bag":1,"minecraft:iron_axe":4,"minecraft:stone_pickaxe":2,"minecraft:spruce_boat":5,"minecraft:wheat":423,"minecraft:cooked_cod":2,"travelersbackpack:backpack_tank":2,"minecraft:cooked_salmon":15,"minecraft:bucket":2,"minecraft:stone_axe":3,"minecraft:bread":126,"minecraft:air":0,"minecraft:oak_boat":2,"minecraft:white_wool":2,"minecraft:acacia_sign":3,"minecraft:raw_gold":27,"minecraft:wooden_axe":1,"minecraft:iron_shovel":1,"minecraft:iron_leggings":1,"minecraft:white_bed":4,"minecraft:torch":96,"minecraft:acacia_planks":148},"minecraft:picked_up":{"minecraft:iron_chestplate":3,"minecraft:birch_door":1,"minecraft:magenta_carpet":2,"minecraft:diamond_sword":1,"aether:iron_gloves":7,"minecraft:oak_stairs":2,"minecraft:brown_bed":1,"minecraft:potion":4,"minecraft:stone_brick_stairs":2,"minecraft:brewing_stand":1,"minecraft:polished_deepslate":1,"minecraft:string":199,"minecraft:waxed_cut_copper_slab":3,"minecraft:raw_copper":5,"aether:diamond_gloves":4,"minecraft:iron_leggings":4,"minecraft:armor_stand":6,"minecraft:experience_bottle":14,"minecraft:shroomlight":2,"minecraft:beetroot":1,"minecraft:gold_nugget":135,"travelersbackpack:enderman":4,"minecraft:spruce_planks":254,"minecraft:calcite":50,"minecraft:melon_slice":26,"minecraft:coal_block":4,"minecraft:smooth_quartz_stairs":1,"minecraft:furnace":4,"minecraft:stick":68,"minecraft:torch":31,"minecraft:acacia_log":34,"minecraft:spruce_stairs":5,"minecraft:porkchop":7,"minecraft:diorite":3,"minecraft:golden_chestplate":1,"minecraft:mangrove_stairs":1,"minecraft:rotten_flesh":110,"minecraft:tropical_fish":2,"aether:chainmail_gloves":1,"minecraft:blue_dye":1,"minecraft:cyan_terracotta":1,"supplementaries:quiver":2,"supplementaries:ash":10,"minecraft:iron_bars":3,"minecraft:cod":4,"minecraft:snowball":558,"minecraft:cobblestone":325,"minecraft:enchanting_table":1,"minecraft:leather_chestplate":3,"minecraft:feather":8,"minecraft:cooked_beef":1,"minecraft:water_bucket":2,"minecraft:andesite":9,"minecraft:brown_wool":1,"minecraft:golden_leggings":1,"alexscaves:cave_book":2,"minecraft:flint":3,"minecraft:acacia_boat":15,"minecraft:magenta_terracotta":4,"minecraft:dirt":336,"minecraft:lantern":1,"minecraft:name_tag":1,"minecraft:leather_boots":1,"minecraft:bone":57,"minecraft:acacia_planks":19,"minecraft:bow":3,"minecraft:stonecutter":1,"minecraft:wheat_seeds":13,"minecraft:diamond_helmet":1,"minecraft:moss_block":8,"minecraft:oak_planks":47,"minecraft:cooked_porkchop":12,"minecraft:music_disc_13":2,"minecraft:stripped_acacia_wood":6,"minecraft:sand":20,"minecraft:stripped_spruce_log":9,"minecraft:ink_sac":9,"minecraft:grass_block":1,"minecraft:cyan_bed":6,"minecraft:mossy_cobblestone":3,"minecraft:light_gray_concrete":9,"minecraft:polished_andesite":2,"minecraft:spruce_boat":11,"waystones:waystone":4,"minecraft:granite":1,"minecraft:golden_apple":1,"minecraft:chainmail_helmet":3,"minecraft:spruce_sign":1,"minecraft:emerald":33,"minecraft:bread":42,"alexsmobs:banana_slug_slime":1,"minecraft:oak_sapling":10,"minecraft:dark_oak_fence":6,"minecraft:bricks":4,"minecraft:charcoal":3,"minecraft:cocoa_beans":8,"minecraft:coarse_dirt":1,"minecraft:crafting_table":19,"minecraft:chicken":4,"minecraft:brown_mushroom":1,"minecraft:gold_block":4,"minecraft:chain":2,"gravestone:obituary":18,"minecraft:shield":1,"minecraft:cornflower":2,"minecraft:red_bed":3,"minecraft:moss_carpet":2,"minecraft:iron_axe":2,"minecraft:cyan_carpet":19,"minecraft:blue_orchid":1,"alexscaves:burrowing_arrow":1,"minecraft:beef":31,"minecraft:oak_boat":1,"minecraft:player_head":2,"minecraft:light_gray_wool":3,"minecraft:spruce_slab":1,"minecraft:sugar_cane":14,"minecraft:chest":4,"minecraft:birch_sapling":1,"minecraft:diamond_hoe":1,"minecraft:egg":1,"minecraft:dark_oak_sapling":1,"minecraft:raw_iron":31,"minecraft:stripped_mangrove_wood":3,"minecraft:raw_gold_block":3,"minecraft:bowl":1,"minecraft:note_block":4,"minecraft:spruce_fence":6,"minecraft:carrot":33,"minecraft:mangrove_trapdoor":1,"alexsmobs:crocodile_scute":4,"minecraft:purple_terracotta":15,"minecraft:dark_oak_planks":12,"minecraft:arrow":58,"minecraft:cooked_cod":5,"minecraft:decorated_pot":4,"minecraft:diamond_boots":1,"minecraft:hay_block":136,"alexscaves:spelunkery_table":2,"minecraft:saddle":1,"minecraft:totem_of_undying":10,"minecraft:mutton":7,"minecraft:white_wool":68,"minecraft:tripwire_hook":1,"minecraft:salmon":15,"minecraft:leather":15,"minecraft:filled_map":1,"alexsmobs:cachalot_whale_tooth":1,"minecraft:oak_log":54,"minecraft:chainmail_chestplate":1,"minecraft:golden_boots":1,"minecraft:yellow_bed":9,"minecraft:gunpowder":20,"minecraft:paper":24,"minecraft:white_banner":1,"minecraft:cooked_mutton":1,"minecraft:podzol":2,"minecraft:stone_bricks":14,"minecraft:apple":7,"minecraft:gray_carpet":1,"minecraft:iron_ingot":10,"minecraft:cooked_chicken":4,"minecraft:cobweb":57,"minecraft:iron_sword":1,"minecraft:flowering_azalea":1,"minecraft:acacia_sapling":2,"minecraft:book":72,"minecraft:oak_slab":2,"minecraft:dark_oak_slab":6,"minecraft:emerald_block":1,"minecraft:pumpkin":7,"minecraft:sweet_berries":180,"minecraft:dandelion":1,"minecraft:gravel":42,"minecraft:spruce_sapling":60,"minecraft:red_banner":1,"minecraft:blast_furnace":9,"minecraft:white_bed":11,"minecraft:spruce_log":436,"minecraft:spider_eye":6,"minecraft:leather_helmet":1,"minecraft:chainmail_leggings":2,"minecraft:iron_helmet":3,"travelersbackpack:pumpkin":13,"minecraft:painting":2,"minecraft:gray_wool":4,"minecraft:warped_roots":3,"minecraft:terracotta":9,"minecraft:damaged_anvil":3,"minecraft:coal":22,"minecraft:ender_pearl":9},"minecraft:used":{"minecraft:beetroot":1,"minecraft:moss_block":1,"minecraft:iron_shovel":168,"minecraft:spruce_slab":1,"minecraft:diamond_hoe":111,"minecraft:chest":13,"minecraft:shield":120,"minecraft:player_head":1,"minecraft:rotten_flesh":29,"minecraft:iron_chestplate":4,"minecraft:carrot":36,"minecraft:axolotl_bucket":6,"minecraft:snowball":118,"minecraft:spruce_boat":14,"minecraft:iron_helmet":3,"minecraft:stone_bricks":3,"minecraft:sweet_berries":233,"minecraft:furnace":8,"minecraft:cooked_cod":7,"travelersbackpack:enderman":3,"minecraft:stone_pickaxe":186,"minecraft:gray_carpet":1,"minecraft:oak_planks":179,"minecraft:wooden_pickaxe":3,"minecraft:stripped_mangrove_wood":2,"minecraft:sand":1,"alexscaves:cave_book":3,"minecraft:blast_furnace":1,"minecraft:shears":114,"waystones:waystone":1,"minecraft:light_gray_concrete":1,"minecraft:bread":228,"minecraft:cyan_bed":5,"minecraft:cyan_carpet":5,"travelersbackpack:pumpkin":46,"minecraft:gravel":9,"minecraft:diamond_sword":686,"minecraft:dark_oak_fence":4,"minecraft:andesite":1,"minecraft:oak_boat":2,"minecraft:coarse_dirt":1,"minecraft:bone_meal":14,"minecraft:flint_and_steel":7,"minecraft:stone_shovel":190,"minecraft:spruce_planks":884,"minecraft:cooked_salmon":14,"minecraft:cooked_chicken":4,"minecraft:stone_hoe":31,"minecraft:torch":108,"minecraft:dirt":143,"minecraft:salmon_bucket":1,"minecraft:spruce_fence":36,"minecraft:wooden_axe":4,"minecraft:iron_axe":526,"minecraft:iron_boots":1,"minecraft:totem_of_undying":1,"alexscaves:spelunkery_table":1,"minecraft:golden_carrot":2,"minecraft:podzol":1,"minecraft:cooked_beef":1,"minecraft:acacia_planks":131,"minecraft:brown_bed":1,"minecraft:iron_leggings":2,"minecraft:calcite":2,"minecraft:cooked_mutton":4,"minecraft:acacia_boat":14,"minecraft:water_bucket":143,"minecraft:spruce_fence_gate":2,"minecraft:oak_slab":3,"minecraft:crafting_table":28,"minecraft:red_bed":3,"minecraft:white_bed":14,"minecraft:painting":1,"minecraft:apple":20,"minecraft:acacia_sign":3,"minecraft:iron_pickaxe":438,"minecraft:spruce_sapling":13,"minecraft:stone_axe":81,"minecraft:cobblestone":182,"minecraft:pumpkin_pie":12,"minecraft:cooked_porkchop":11,"minecraft:bucket":158,"minecraft:yellow_bed":9},"minecraft:custom":{"minecraft:animals_bred":3,"minecraft:interact_with_crafting_table":104,"minecraft:open_barrel":162,"minecraft:eat_cake_slice":4,"minecraft:leave_game":26,"minecraft:time_since_death":5569,"minecraft:sprint_one_cm":1640512,"minecraft:damage_blocked_by_shield":7283,"minecraft:drop":217,"minecraft:talked_to_villager":10,"minecraft:play_time":863498,"minecraft:deaths":25,"minecraft:jump":14711,"minecraft:walk_on_water_one_cm":262715,"minecraft:interact_with_furnace":57,"minecraft:interact_with_loom":3,"minecraft:sleep_in_bed":31,"minecraft:waystone_activated":4,"minecraft:damage_dealt":65471,"minecraft:crouch_one_cm":210307,"minecraft:interact_with_smoker":1,"minecraft:horse_one_cm":256689,"minecraft:interact_with_smithing_table":1,"minecraft:interact_with_anvil":1,"minecraft:mob_kills":293,"minecraft:climb_one_cm":27055,"minecraft:walk_one_cm":1543094,"minecraft:sneak_time":63898,"minecraft:walk_under_water_one_cm":191157,"minecraft:boat_one_cm":2483155,"minecraft:interact_with_blast_furnace":4,"minecraft:total_world_time":863498,"minecraft:tune_noteblock":2,"minecraft:time_since_rest":5595,"minecraft:damage_taken":27216,"minecraft:damage_absorbed":14,"minecraft:swim_one_cm":429931,"minecraft:fly_one_cm":2496399,"minecraft:open_chest":250,"minecraft:fall_one_cm":403417},"minecraft:dropped":{"minecraft:moss_block":6,"minecraft:brown_mushroom":1,"minecraft:porkchop":2,"minecraft:stripped_mangrove_wood":1,"minecraft:ender_pearl":2,"minecraft:crafting_table":1,"minecraft:dark_oak_slab":3,"minecraft:warped_roots":3,"minecraft:emerald":1,"minecraft:dirt":96,"minecraft:cornflower":1,"minecraft:snowball":241,"gravestone:obituary":32,"minecraft:gold_nugget":1,"minecraft:bone_meal":4,"minecraft:axolotl_bucket":1,"minecraft:iron_pickaxe":1,"minecraft:white_wool":3,"minecraft:cyan_carpet":5,"minecraft:bone":2,"minecraft:gold_ingot":19,"minecraft:gravel":7,"minecraft:cooked_chicken":1,"minecraft:golden_chestplate":1,"minecraft:birch_sapling":1,"minecraft:rotten_flesh":68,"minecraft:oak_planks":24,"minecraft:cooked_mutton":1,"alexsmobs:cachalot_whale_tooth":1,"minecraft:chainmail_chestplate":2,"alexscaves:cave_book":1,"minecraft:gunpowder":1,"minecraft:leather_boots":1,"minecraft:birch_door":1,"minecraft:iron_bars":1,"minecraft:arrow":30,"minecraft:podzol":1,"minecraft:stone_brick_stairs":1,"minecraft:bread":73,"minecraft:water_bucket":3,"minecraft:iron_ingot":12,"minecraft:purple_terracotta":5,"minecraft:wheat_seeds":10,"minecraft:mangrove_trapdoor":1,"minecraft:mossy_cobblestone":1,"minecraft:iron_helmet":2,"minecraft:cobblestone":63,"minecraft:lead":1,"minecraft:grass_block":1,"minecraft:coal":5,"minecraft:stick":4,"minecraft:blue_dye":1,"minecraft:torch":2,"minecraft:iron_leggings":1,"minecraft:iron_axe":2,"minecraft:chainmail_leggings":1,"minecraft:string":38,"minecraft:tripwire_hook":1,"minecraft:bucket":2,"minecraft:acacia_planks":1,"minecraft:spruce_sapling":18,"minecraft:dandelion":1,"minecraft:bowl":1,"minecraft:diamond_hoe":1,"minecraft:experience_bottle":60,"minecraft:stone_shovel":1,"minecraft:iron_boots":1,"minecraft:totem_of_undying":4,"minecraft:diamond_sword":2,"minecraft:spruce_boat":1,"minecraft:shroomlight":1,"supplementaries:rope_arrow":1,"aether:iron_gloves":2,"minecraft:spruce_planks":16,"aether:diamond_gloves":1,"minecraft:iron_chestplate":2,"minecraft:oak_boat":1,"minecraft:oak_sapling":4,"minecraft:spider_eye":2,"minecraft:spruce_log":1,"minecraft:bow":2,"minecraft:blue_orchid":1,"minecraft:stone_pickaxe":1,"minecraft:wooden_pickaxe":1,"minecraft:calcite":1,"minecraft:magenta_terracotta":4},"minecraft:killed_by":{"minecraft:wither_skeleton":1,"minecraft:vex":3,"minecraft:player":1},"minecraft:killed":{"minecraft:cave_spider":14,"minecraft:spider":6,"minecraft:cod":4,"alexsmobs:bald_eagle":1,"minecraft:skeleton":53,"alexsmobs:orca":1,"minecraft:chicken":4,"minecraft:illusioner":7,"minecraft:pig":8,"minecraft:salmon":16,"minecraft:creeper":1,"minecraft:sheep":5,"minecraft:pillager":18,"minecraft:zombie":41,"minecraft:stray":1,"minecraft:cow":14,"minecraft:evoker":9,"minecraft:vex":9,"alexsmobs:raccoon":1,"minecraft:vindicator":14,"alexsmobs:tasmanian_devil":1,"alexsmobs:seagull":3,"minecraft:phantom":2,"minecraft:horse":1,"minecraft:llama":5,"minecraft:drowned":3,"minecraft:husk":35,"minecraft:hoglin":1,"alexsmobs:crocodile":2,"alexsmobs:crow":1,"minecraft:wither_skeleton":1,"minecraft:enderman":8}},"DataVersion":3465}