{"stats":{"minecraft:custom":{"minecraft:mob_kills":98,"minecraft:interact_with_crafting_table":40,"minecraft:open_barrel":30,"minecraft:eat_cake_slice":1,"minecraft:leave_game":7,"minecraft:time_since_death":40320,"minecraft:climb_one_cm":15273,"minecraft:sprint_one_cm":612417,"minecraft:walk_one_cm":528696,"minecraft:damage_blocked_by_shield":1943,"minecraft:drop":61,"minecraft:talked_to_villager":1,"minecraft:play_time":303628,"minecraft:deaths":2,"minecraft:sneak_time":26017,"minecraft:walk_under_water_one_cm":48278,"minecraft:boat_one_cm":684679,"minecraft:jump":5308,"minecraft:interact_with_blast_furnace":1,"minecraft:walk_on_water_one_cm":79937,"minecraft:total_world_time":303628,"minecraft:interact_with_furnace":48,"minecraft:sleep_in_bed":6,"minecraft:waystone_activated":1,"minecraft:time_since_rest":3922,"minecraft:damage_taken":6102,"minecraft:damage_dealt":15593,"minecraft:swim_one_cm":187218,"minecraft:fly_one_cm":1026803,"minecraft:open_chest":21,"minecraft:crouch_one_cm":83820,"minecraft:fall_one_cm":140038},"minecraft:picked_up":{"minecraft:crafting_table":11,"minecraft:charcoal":3,"minecraft:birch_door":1,"minecraft:chicken":1,"gravestone:obituary":1,"minecraft:polished_deepslate":1,"minecraft:cornflower":2,"minecraft:string":3,"minecraft:red_bed":3,"minecraft:waxed_cut_copper_slab":3,"minecraft:raw_copper":5,"minecraft:cyan_carpet":5,"minecraft:blue_orchid":1,"minecraft:beetroot":1,"minecraft:spruce_planks":121,"minecraft:beef":2,"minecraft:player_head":1,"minecraft:calcite":25,"minecraft:coal_block":1,"minecraft:sugar_cane":14,"minecraft:furnace":4,"minecraft:dark_oak_sapling":1,"minecraft:stick":33,"minecraft:raw_iron":28,"minecraft:stripped_mangrove_wood":3,"minecraft:raw_gold_block":3,"minecraft:acacia_log":34,"minecraft:torch":7,"minecraft:bowl":1,"minecraft:spruce_stairs":3,"minecraft:note_block":4,"minecraft:spruce_fence":2,"minecraft:porkchop":5,"minecraft:diorite":2,"minecraft:carrot":5,"minecraft:mangrove_trapdoor":1,"alexsmobs:crocodile_scute":2,"minecraft:dark_oak_planks":2,"minecraft:arrow":26,"minecraft:rotten_flesh":34,"minecraft:decorated_pot":1,"aether:chainmail_gloves":1,"minecraft:hay_block":37,"minecraft:blue_dye":1,"minecraft:iron_bars":1,"minecraft:mutton":6,"minecraft:cod":4,"minecraft:snowball":209,"minecraft:white_wool":4,"minecraft:cobblestone":150,"minecraft:feather":6,"minecraft:cooked_beef":1,"minecraft:andesite":9,"minecraft:tripwire_hook":1,"minecraft:water_bucket":1,"minecraft:salmon":15,"minecraft:leather":2,"alexsmobs:cachalot_whale_tooth":1,"minecraft:flint":1,"minecraft:oak_log":54,"minecraft:yellow_bed":3,"minecraft:acacia_boat":1,"minecraft:dirt":142,"minecraft:cooked_mutton":1,"minecraft:bone":18,"minecraft:acacia_planks":4,"minecraft:apple":7,"minecraft:stonecutter":1,"minecraft:wheat_seeds":10,"minecraft:cooked_chicken":4,"minecraft:oak_planks":36,"minecraft:acacia_sapling":2,"minecraft:book":69,"minecraft:oak_slab":2,"minecraft:pumpkin":7,"minecraft:sweet_berries":119,"minecraft:dandelion":1,"minecraft:gravel":5,"minecraft:stripped_spruce_log":9,"minecraft:spruce_sapling":8,"minecraft:blast_furnace":8,"minecraft:ink_sac":5,"minecraft:white_bed":4,"minecraft:spruce_log":78,"minecraft:cyan_bed":5,"minecraft:mossy_cobblestone":1,"minecraft:granite":1,"travelersbackpack:pumpkin":3,"minecraft:painting":1,"minecraft:bread":15,"minecraft:warped_roots":1,"minecraft:terracotta":9,"minecraft:oak_sapling":10,"minecraft:dark_oak_fence":5,"minecraft:coal":14,"minecraft:ender_pearl":1},"minecraft:dropped":{"minecraft:water_bucket":2,"minecraft:bread":17,"minecraft:stripped_mangrove_wood":1,"minecraft:wheat_seeds":8,"minecraft:mangrove_trapdoor":1,"minecraft:ender_pearl":2,"minecraft:warped_roots":1,"minecraft:stick":4,"minecraft:blue_dye":1,"minecraft:torch":1,"minecraft:cornflower":1,"minecraft:iron_leggings":1,"gravestone:obituary":1,"minecraft:tripwire_hook":1,"minecraft:white_wool":3,"minecraft:spruce_sapling":6,"minecraft:gold_ingot":1,"minecraft:dandelion":1,"minecraft:cooked_chicken":1,"minecraft:bowl":1,"minecraft:oak_planks":17,"minecraft:cooked_mutton":1,"alexsmobs:cachalot_whale_tooth":1,"minecraft:chainmail_chestplate":2,"minecraft:spruce_planks":14,"minecraft:iron_chestplate":1,"minecraft:oak_sapling":4,"minecraft:birch_door":1,"minecraft:blue_orchid":1,"minecraft:wooden_pickaxe":1,"minecraft:calcite":1},"minecraft:used":{"minecraft:beetroot":1,"minecraft:stone_shovel":130,"minecraft:chest":3,"minecraft:spruce_planks":4,"minecraft:shield":53,"minecraft:stone_hoe":31,"minecraft:cooked_salmon":14,"minecraft:cooked_chicken":4,"minecraft:rotten_flesh":18,"minecraft:torch":26,"minecraft:dirt":30,"minecraft:carrot":14,"minecraft:snowball":45,"minecraft:spruce_boat":1,"minecraft:iron_axe":326,"minecraft:iron_helmet":1,"minecraft:iron_boots":1,"minecraft:sweet_berries":96,"minecraft:furnace":6,"minecraft:cooked_cod":2,"minecraft:cooked_beef":1,"minecraft:acacia_planks":82,"minecraft:cooked_mutton":4,"minecraft:acacia_boat":1,"minecraft:water_bucket":29,"minecraft:stone_pickaxe":186,"minecraft:oak_planks":178,"minecraft:wooden_pickaxe":3,"minecraft:stripped_mangrove_wood":2,"minecraft:oak_slab":3,"minecraft:crafting_table":16,"minecraft:red_bed":3,"minecraft:white_bed":4,"minecraft:painting":1,"minecraft:apple":10,"minecraft:iron_pickaxe":59,"minecraft:bread":51,"minecraft:cyan_bed":5,"minecraft:cyan_carpet":5,"travelersbackpack:pumpkin":2,"minecraft:gravel":5,"minecraft:stone_axe":81,"minecraft:cobblestone":50,"minecraft:yellow_bed":3,"minecraft:andesite":1,"minecraft:cooked_porkchop":3,"minecraft:bucket":37,"minecraft:pumpkin_pie":2,"minecraft:oak_boat":2},"minecraft:killed":{"minecraft:spider":3,"minecraft:cod":4,"alexsmobs:seagull":3,"alexsmobs:bald_eagle":1,"minecraft:skeleton":21,"minecraft:chicken":1,"minecraft:illusioner":1,"minecraft:drowned":2,"minecraft:husk":7,"minecraft:pig":2,"minecraft:salmon":16,"minecraft:sheep":5,"minecraft:zombie":27,"alexsmobs:crocodile":1,"alexsmobs:crow":1,"minecraft:cow":2},"minecraft:broken":{"minecraft:stone_pickaxe":1,"minecraft:shield":1,"minecraft:iron_axe":2,"minecraft:stone_axe":1,"minecraft:stone_shovel":1},"minecraft:mined":{"minecraft:dark_oak_planks":10,"minecraft:waxed_cut_copper_slab":1,"minecraft:spruce_planks":12,"minecraft:mossy_cobblestone":1,"travelersbackpack:pumpkin":1,"minecraft:granite":2,"gravestone:gravestone":2,"minecraft:dark_oak_fence":3,"minecraft:acacia_log":7,"minecraft:spruce_fence":2,"minecraft:grass_block":35,"minecraft:decorated_pot":1,"minecraft:coal_block":1,"minecraft:spruce_leaves":1,"minecraft:spawner":8,"minecraft:hay_block":36,"minecraft:large_fern":1,"minecraft:tall_seagrass":1,"minecraft:magma_block":1,"minecraft:furnace":4,"minecraft:raw_gold_block":3,"minecraft:nether_sprouts":1,"minecraft:iron_ore":28,"minecraft:snow":68,"minecraft:acacia_wood":1,"minecraft:andesite":4,"minecraft:stripped_spruce_log":9,"minecraft:pumpkin":7,"minecraft:polished_deepslate":1,"minecraft:bookshelf":28,"minecraft:cave_vines":1,"minecraft:iron_bars":1,"minecraft:stone":137,"minecraft:blue_orchid":1,"minecraft:player_head":1,"minecraft:red_bed":2,"minecraft:brown_stained_glass_pane":2,"minecraft:cornflower":1,"minecraft:crafting_table":11,"minecraft:torch":1,"minecraft:blast_furnace":8,"minecraft:calcite":8,"minecraft:polished_andesite_stairs":1,"minecraft:copper_ore":1,"minecraft:tall_grass":2,"minecraft:birch_wood":1,"minecraft:cobblestone":2,"minecraft:cyan_bed":7,"minecraft:oak_planks":34,"minecraft:sugar_cane":6,"minecraft:diorite":2,"minecraft:spruce_stairs":3,"minecraft:cyan_wool":1,"minecraft:sweet_berry_bush":24,"minecraft:spruce_log":2,"minecraft:birch_leaves":8,"minecraft:waxed_copper_block":1,"minecraft:yellow_bed":3,"minecraft:grass":6,"minecraft:oak_log":4,"minecraft:coal_ore":14,"minecraft:cyan_carpet":1,"minecraft:dirt":44,"minecraft:stonecutter":1,"minecraft:terracotta":9,"minecraft:acacia_planks":4,"minecraft:polished_andesite":1,"minecraft:iron_trapdoor":1,"minecraft:fern":4},"minecraft:crafted":{"minecraft:oak_planks":200,"minecraft:stone_shovel":2,"minecraft:coal":9,"minecraft:cooked_chicken":1,"minecraft:furnace":4,"minecraft:cooked_mutton":4,"minecraft:iron_boots":1,"minecraft:iron_axe":3,"minecraft:stone_pickaxe":2,"minecraft:chest":3,"minecraft:spruce_boat":1,"minecraft:stone_hoe":1,"minecraft:wheat":81,"minecraft:cooked_cod":2,"minecraft:oak_slab":12,"minecraft:cooked_porkchop":3,"minecraft:crafting_table":6,"minecraft:spruce_planks":100,"minecraft:wooden_pickaxe":1,"minecraft:iron_helmet":1,"minecraft:cooked_salmon":15,"minecraft:bucket":1,"minecraft:stone_axe":3,"minecraft:bread":21,"minecraft:air":0,"minecraft:oak_boat":2,"minecraft:iron_chestplate":1,"minecraft:charcoal":3,"minecraft:shield":2,"minecraft:raw_gold":27,"minecraft:stick":12,"minecraft:iron_ingot":28,"minecraft:iron_pickaxe":1,"minecraft:iron_leggings":1,"minecraft:acacia_planks":136,"minecraft:torch":20}},"DataVersion":3465}