{"stats":{"minecraft:custom":{"minecraft:animals_bred":2,"minecraft:interact_with_crafting_table":82,"minecraft:open_barrel":96,"minecraft:eat_cake_slice":2,"minecraft:leave_game":9,"minecraft:time_since_death":167521,"minecraft:sprint_one_cm":1114973,"minecraft:damage_blocked_by_shield":4478,"minecraft:drop":166,"minecraft:talked_to_villager":4,"minecraft:play_time":555882,"minecraft:deaths":11,"minecraft:jump":10178,"minecraft:walk_on_water_one_cm":183171,"minecraft:interact_with_furnace":57,"minecraft:interact_with_loom":1,"minecraft:sleep_in_bed":13,"minecraft:waystone_activated":1,"minecraft:damage_dealt":42131,"minecraft:crouch_one_cm":128141,"minecraft:interact_with_anvil":1,"minecraft:mob_kills":198,"minecraft:climb_one_cm":20523,"minecraft:walk_one_cm":1018617,"minecraft:sneak_time":38277,"minecraft:walk_under_water_one_cm":96200,"minecraft:boat_one_cm":1964347,"minecraft:interact_with_blast_furnace":2,"minecraft:total_world_time":555882,"minecraft:tune_noteblock":2,"minecraft:time_since_rest":28985,"minecraft:damage_taken":15319,"minecraft:swim_one_cm":267219,"minecraft:fly_one_cm":1824851,"minecraft:open_chest":120,"minecraft:fall_one_cm":244237},"minecraft:dropped":{"minecraft:brown_mushroom":1,"minecraft:porkchop":2,"minecraft:stripped_mangrove_wood":1,"minecraft:ender_pearl":2,"minecraft:crafting_table":1,"minecraft:warped_roots":3,"minecraft:emerald":1,"minecraft:dirt":96,"minecraft:cornflower":1,"minecraft:snowball":225,"gravestone:obituary":19,"minecraft:gold_nugget":1,"minecraft:axolotl_bucket":1,"minecraft:iron_pickaxe":1,"minecraft:white_wool":3,"minecraft:gold_ingot":18,"minecraft:gravel":7,"minecraft:cooked_chicken":1,"minecraft:rotten_flesh":68,"minecraft:oak_planks":19,"minecraft:cooked_mutton":1,"alexsmobs:cachalot_whale_tooth":1,"minecraft:chainmail_chestplate":2,"alexscaves:cave_book":1,"minecraft:birch_door":1,"minecraft:iron_bars":1,"minecraft:arrow":26,"minecraft:stone_brick_stairs":1,"minecraft:water_bucket":2,"minecraft:iron_ingot":6,"minecraft:bread":73,"minecraft:purple_terracotta":5,"minecraft:wheat_seeds":8,"minecraft:mangrove_trapdoor":1,"minecraft:iron_helmet":2,"minecraft:cobblestone":54,"minecraft:lead":1,"minecraft:coal":4,"minecraft:stick":4,"minecraft:blue_dye":1,"minecraft:torch":1,"minecraft:iron_leggings":1,"minecraft:iron_axe":1,"minecraft:chainmail_leggings":1,"minecraft:string":22,"minecraft:tripwire_hook":1,"minecraft:bucket":2,"minecraft:acacia_planks":1,"minecraft:spruce_sapling":18,"minecraft:dandelion":1,"minecraft:bowl":1,"minecraft:diamond_hoe":1,"minecraft:stone_shovel":1,"minecraft:experience_bottle":60,"minecraft:iron_boots":1,"minecraft:totem_of_undying":3,"minecraft:diamond_sword":2,"minecraft:spruce_boat":1,"supplementaries:rope_arrow":1,"aether:iron_gloves":2,"minecraft:spruce_planks":16,"aether:diamond_gloves":1,"minecraft:iron_chestplate":2,"minecraft:oak_boat":1,"minecraft:oak_sapling":4,"minecraft:spider_eye":2,"minecraft:spruce_log":1,"minecraft:bow":2,"minecraft:blue_orchid":1,"minecraft:stone_pickaxe":1,"minecraft:wooden_pickaxe":1,"minecraft:calcite":1,"minecraft:magenta_terracotta":4},"minecraft:picked_up":{"minecraft:iron_chestplate":2,"minecraft:birch_door":1,"minecraft:magenta_carpet":2,"minecraft:diamond_sword":1,"aether:iron_gloves":7,"minecraft:potion":4,"minecraft:stone_brick_stairs":2,"minecraft:polished_deepslate":1,"minecraft:string":50,"minecraft:waxed_cut_copper_slab":3,"minecraft:raw_copper":5,"aether:diamond_gloves":3,"minecraft:iron_leggings":3,"minecraft:experience_bottle":14,"minecraft:beetroot":1,"minecraft:gold_nugget":135,"minecraft:spruce_planks":135,"minecraft:calcite":25,"minecraft:melon_slice":26,"minecraft:coal_block":1,"minecraft:furnace":4,"minecraft:stick":45,"minecraft:torch":12,"minecraft:acacia_log":34,"minecraft:spruce_stairs":4,"minecraft:porkchop":7,"minecraft:diorite":2,"minecraft:rotten_flesh":73,"minecraft:tropical_fish":2,"aether:chainmail_gloves":1,"minecraft:blue_dye":1,"minecraft:cyan_terracotta":1,"supplementaries:quiver":1,"supplementaries:ash":1,"minecraft:iron_bars":3,"minecraft:cod":4,"minecraft:snowball":542,"minecraft:cobblestone":224,"minecraft:enchanting_table":1,"minecraft:feather":6,"minecraft:cooked_beef":1,"minecraft:water_bucket":2,"minecraft:andesite":9,"minecraft:brown_wool":1,"alexscaves:cave_book":2,"minecraft:flint":3,"minecraft:acacia_boat":2,"minecraft:lantern":1,"minecraft:magenta_terracotta":4,"minecraft:dirt":286,"minecraft:name_tag":1,"minecraft:bone":26,"minecraft:acacia_planks":17,"minecraft:stonecutter":1,"minecraft:bow":3,"minecraft:wheat_seeds":10,"minecraft:diamond_helmet":1,"minecraft:oak_planks":43,"minecraft:cooked_porkchop":12,"minecraft:music_disc_13":2,"minecraft:sand":20,"minecraft:stripped_spruce_log":9,"minecraft:ink_sac":9,"minecraft:cyan_bed":5,"minecraft:mossy_cobblestone":1,"minecraft:light_gray_concrete":8,"minecraft:polished_andesite":2,"minecraft:spruce_boat":9,"minecraft:granite":1,"minecraft:emerald":28,"minecraft:bread":42,"minecraft:oak_sapling":10,"minecraft:dark_oak_fence":6,"minecraft:bricks":4,"minecraft:cocoa_beans":8,"minecraft:charcoal":3,"minecraft:crafting_table":14,"minecraft:chicken":1,"minecraft:brown_mushroom":1,"minecraft:gold_block":2,"minecraft:chain":2,"gravestone:obituary":16,"minecraft:cornflower":2,"minecraft:red_bed":3,"minecraft:iron_axe":1,"minecraft:cyan_carpet":5,"minecraft:blue_orchid":1,"alexscaves:burrowing_arrow":1,"minecraft:beef":16,"minecraft:oak_boat":1,"minecraft:player_head":2,"minecraft:light_gray_wool":3,"minecraft:sugar_cane":14,"minecraft:chest":2,"minecraft:diamond_hoe":1,"minecraft:egg":1,"minecraft:dark_oak_sapling":1,"minecraft:raw_iron":28,"minecraft:stripped_mangrove_wood":3,"minecraft:raw_gold_block":3,"minecraft:bowl":1,"minecraft:spruce_fence":6,"minecraft:note_block":4,"minecraft:carrot":29,"minecraft:mangrove_trapdoor":1,"alexsmobs:crocodile_scute":4,"minecraft:purple_terracotta":15,"minecraft:dark_oak_planks":2,"minecraft:arrow":39,"minecraft:cooked_cod":5,"minecraft:decorated_pot":4,"minecraft:hay_block":101,"alexscaves:spelunkery_table":1,"minecraft:saddle":1,"minecraft:totem_of_undying":9,"minecraft:mutton":7,"minecraft:white_wool":23,"minecraft:tripwire_hook":1,"minecraft:salmon":15,"minecraft:leather":8,"alexsmobs:cachalot_whale_tooth":1,"minecraft:oak_log":54,"minecraft:yellow_bed":7,"minecraft:gunpowder":19,"minecraft:cooked_mutton":1,"minecraft:apple":7,"minecraft:stone_bricks":14,"minecraft:iron_ingot":10,"minecraft:cooked_chicken":4,"minecraft:iron_sword":1,"minecraft:acacia_sapling":2,"minecraft:book":69,"minecraft:oak_slab":2,"minecraft:pumpkin":7,"minecraft:sweet_berries":162,"minecraft:dandelion":1,"minecraft:gravel":17,"minecraft:spruce_sapling":33,"minecraft:blast_furnace":9,"minecraft:white_bed":4,"minecraft:spruce_log":137,"minecraft:spider_eye":4,"minecraft:iron_helmet":2,"travelersbackpack:pumpkin":12,"minecraft:painting":2,"minecraft:gray_wool":4,"minecraft:warped_roots":3,"minecraft:terracotta":9,"minecraft:damaged_anvil":2,"minecraft:coal":18,"minecraft:ender_pearl":2},"minecraft:used":{"minecraft:beetroot":1,"minecraft:iron_shovel":160,"minecraft:diamond_hoe":70,"minecraft:chest":8,"minecraft:shield":83,"minecraft:player_head":1,"minecraft:rotten_flesh":27,"minecraft:iron_chestplate":2,"minecraft:carrot":21,"minecraft:axolotl_bucket":6,"minecraft:snowball":118,"minecraft:spruce_boat":13,"minecraft:iron_helmet":2,"minecraft:stone_bricks":3,"minecraft:sweet_berries":175,"minecraft:furnace":8,"minecraft:cooked_cod":7,"minecraft:stone_pickaxe":186,"minecraft:oak_planks":178,"minecraft:wooden_pickaxe":3,"minecraft:stripped_mangrove_wood":2,"minecraft:sand":1,"alexscaves:cave_book":2,"minecraft:blast_furnace":1,"minecraft:bread":163,"minecraft:cyan_bed":5,"minecraft:cyan_carpet":5,"travelersbackpack:pumpkin":5,"minecraft:gravel":9,"minecraft:diamond_sword":336,"minecraft:dark_oak_fence":4,"minecraft:andesite":1,"minecraft:oak_boat":2,"minecraft:bone_meal":12,"minecraft:flint_and_steel":7,"minecraft:stone_shovel":190,"minecraft:spruce_planks":191,"minecraft:cooked_salmon":14,"minecraft:cooked_chicken":4,"minecraft:stone_hoe":31,"minecraft:torch":41,"minecraft:dirt":88,"minecraft:spruce_fence":36,"minecraft:iron_axe":383,"minecraft:iron_boots":1,"minecraft:cooked_beef":1,"minecraft:acacia_planks":121,"minecraft:iron_leggings":2,"minecraft:cooked_mutton":4,"minecraft:acacia_boat":1,"minecraft:water_bucket":69,"minecraft:spruce_fence_gate":2,"minecraft:oak_slab":3,"minecraft:crafting_table":20,"minecraft:red_bed":3,"minecraft:white_bed":4,"minecraft:painting":1,"minecraft:apple":10,"minecraft:acacia_sign":3,"minecraft:iron_pickaxe":226,"minecraft:spruce_sapling":1,"minecraft:stone_axe":81,"minecraft:cobblestone":98,"minecraft:pumpkin_pie":7,"minecraft:cooked_porkchop":6,"minecraft:bucket":84,"minecraft:yellow_bed":6},"minecraft:killed":{"minecraft:cave_spider":2,"minecraft:spider":4,"minecraft:cod":4,"alexsmobs:bald_eagle":1,"minecraft:skeleton":34,"alexsmobs:orca":1,"minecraft:chicken":1,"minecraft:illusioner":7,"minecraft:pig":8,"minecraft:salmon":16,"minecraft:sheep":5,"minecraft:pillager":18,"minecraft:zombie":32,"minecraft:stray":1,"minecraft:cow":7,"minecraft:evoker":9,"minecraft:vex":9,"alexsmobs:raccoon":1,"minecraft:vindicator":14,"alexsmobs:tasmanian_devil":1,"alexsmobs:seagull":3,"minecraft:llama":5,"minecraft:drowned":2,"minecraft:husk":7,"alexsmobs:crocodile":2,"alexsmobs:crow":1,"minecraft:enderman":1},"minecraft:killed_by":{"minecraft:vex":3,"minecraft:player":1},"minecraft:broken":{"minecraft:iron_boots":1,"minecraft:iron_chestplate":1,"minecraft:iron_leggings":1,"minecraft:stone_pickaxe":1,"minecraft:stone_axe":1,"minecraft:stone_shovel":1,"minecraft:shield":2,"minecraft:iron_axe":2},"minecraft:mined":{"minecraft:dark_oak_planks":10,"minecraft:waxed_cut_copper_slab":1,"minecraft:spruce_planks":26,"travelersbackpack:pumpkin":2,"minecraft:cave_vines_plant":1,"minecraft:granite":2,"minecraft:acacia_log":7,"minecraft:grass_block":128,"minecraft:coal_block":1,"minecraft:spawner":9,"minecraft:tall_seagrass":1,"minecraft:magma_block":1,"minecraft:iron_ore":28,"minecraft:fire":7,"minecraft:pumpkin":7,"minecraft:moss_carpet":3,"minecraft:enchanting_table":1,"minecraft:cave_vines":1,"minecraft:oak_stairs":1,"minecraft:iron_bars":1,"minecraft:light_gray_concrete":10,"minecraft:blue_orchid":1,"minecraft:player_head":1,"minecraft:gray_terracotta":4,"minecraft:red_bed":2,"minecraft:cyan_terracotta":4,"minecraft:torch":2,"minecraft:blast_furnace":9,"minecraft:calcite":8,"minecraft:melon":2,"minecraft:polished_andesite_stairs":1,"minecraft:chest":2,"minecraft:cobblestone":3,"minecraft:birch_wood":1,"minecraft:cyan_bed":7,"minecraft:sugar_cane":6,"minecraft:oak_planks":42,"minecraft:damaged_anvil":1,"minecraft:bricks":5,"minecraft:wall_torch":2,"minecraft:cyan_wool":1,"minecraft:waxed_copper_block":1,"minecraft:stone_brick_stairs":2,"minecraft:grass":8,"minecraft:oak_log":4,"minecraft:sand":19,"minecraft:dirt":93,"minecraft:stonecutter":1,"minecraft:deepslate":5,"alexscaves:spelunkery_table":1,"minecraft:mossy_cobblestone":1,"gravestone:gravestone":11,"minecraft:dark_oak_fence":4,"minecraft:purple_terracotta":5,"minecraft:spruce_fence":7,"minecraft:decorated_pot":2,"minecraft:spruce_leaves":2,"minecraft:moss_block":8,"minecraft:large_fern":1,"minecraft:hay_block":101,"minecraft:furnace":4,"minecraft:carrots":6,"minecraft:raw_gold_block":3,"minecraft:nether_sprouts":2,"minecraft:snow":128,"minecraft:acacia_wood":1,"minecraft:andesite":55,"minecraft:stripped_spruce_log":9,"minecraft:gold_block":2,"minecraft:polished_deepslate":1,"minecraft:bookshelf":31,"minecraft:stone":180,"minecraft:brown_stained_glass_pane":2,"minecraft:crafting_table":13,"minecraft:cornflower":1,"minecraft:warped_roots":1,"minecraft:tall_grass":5,"minecraft:copper_ore":1,"minecraft:diorite":2,"supplementaries:urn":1,"minecraft:spruce_stairs":5,"minecraft:magenta_terracotta":2,"minecraft:sweet_berry_bush":24,"minecraft:spruce_log":6,"minecraft:birch_leaves":8,"minecraft:yellow_bed":7,"minecraft:coal_ore":14,"minecraft:gravel":21,"minecraft:cyan_carpet":1,"minecraft:gray_carpet":1,"minecraft:cobweb":3,"minecraft:terracotta":9,"minecraft:acacia_planks":16,"minecraft:polished_andesite":3,"minecraft:stone_bricks":21,"minecraft:iron_trapdoor":1,"minecraft:fern":4},"minecraft:crafted":{"minecraft:oak_planks":200,"minecraft:cooked_chicken":1,"minecraft:cooked_mutton":4,"minecraft:glass":16,"minecraft:iron_boots":2,"minecraft:chest":7,"minecraft:stone_hoe":1,"minecraft:oak_slab":12,"minecraft:cooked_porkchop":3,"minecraft:crafting_table":8,"minecraft:spruce_planks":480,"travelersbackpack:standard":1,"minecraft:wooden_pickaxe":1,"minecraft:iron_helmet":2,"minecraft:iron_chestplate":1,"minecraft:charcoal":3,"minecraft:shield":2,"minecraft:stick":68,"minecraft:iron_ingot":28,"minecraft:iron_pickaxe":2,"minecraft:gold_ingot":50,"minecraft:spruce_fence_gate":2,"minecraft:shears":1,"minecraft:coal":9,"minecraft:stone_shovel":2,"minecraft:furnace":4,"minecraft:bone_meal":12,"minecraft:spruce_fence":30,"minecraft:flint_and_steel":1,"travelersbackpack:white_sleeping_bag":1,"minecraft:iron_axe":3,"minecraft:stone_pickaxe":2,"minecraft:spruce_boat":5,"minecraft:wheat":405,"minecraft:cooked_cod":2,"travelersbackpack:backpack_tank":2,"minecraft:cooked_salmon":15,"minecraft:bucket":1,"minecraft:stone_axe":3,"minecraft:bread":126,"minecraft:air":0,"minecraft:oak_boat":2,"minecraft:white_wool":2,"minecraft:acacia_sign":3,"minecraft:raw_gold":27,"minecraft:iron_shovel":1,"minecraft:iron_leggings":1,"minecraft:acacia_planks":136,"minecraft:torch":48}},"DataVersion":3465}