{"stats":{"minecraft:crafted":{"minecraft:oak_planks":200,"minecraft:stone_shovel":1,"minecraft:coal":9,"minecraft:cooked_chicken":1,"minecraft:furnace":4,"minecraft:cooked_mutton":4,"minecraft:iron_boots":1,"minecraft:iron_axe":3,"minecraft:stone_pickaxe":2,"minecraft:chest":1,"minecraft:spruce_boat":1,"minecraft:cooked_cod":2,"minecraft:oak_slab":12,"minecraft:cooked_porkchop":3,"minecraft:crafting_table":4,"minecraft:spruce_planks":36,"minecraft:iron_helmet":1,"minecraft:wooden_pickaxe":1,"minecraft:cooked_salmon":15,"minecraft:bucket":1,"minecraft:stone_axe":3,"minecraft:air":0,"minecraft:oak_boat":2,"minecraft:raw_gold":27,"minecraft:iron_chestplate":1,"minecraft:charcoal":3,"minecraft:shield":1,"minecraft:stick":12,"minecraft:iron_ingot":28,"minecraft:iron_pickaxe":1,"minecraft:iron_leggings":1,"minecraft:acacia_planks":136,"minecraft:torch":20},"minecraft:picked_up":{"minecraft:charcoal":3,"minecraft:crafting_table":9,"minecraft:chicken":1,"gravestone:obituary":1,"minecraft:waxed_cut_copper_slab":3,"minecraft:polished_deepslate":1,"minecraft:cornflower":2,"minecraft:string":3,"minecraft:red_bed":3,"minecraft:raw_copper":5,"minecraft:cyan_carpet":5,"minecraft:blue_orchid":1,"minecraft:beetroot":1,"minecraft:spruce_planks":10,"minecraft:beef":2,"minecraft:player_head":1,"minecraft:calcite":23,"minecraft:sugar_cane":14,"minecraft:coal_block":1,"minecraft:furnace":4,"minecraft:stick":30,"minecraft:raw_iron":28,"minecraft:stripped_mangrove_wood":3,"minecraft:raw_gold_block":3,"minecraft:torch":7,"minecraft:acacia_log":34,"minecraft:spruce_stairs":3,"minecraft:spruce_fence":2,"minecraft:note_block":4,"minecraft:porkchop":5,"minecraft:diorite":1,"minecraft:carrot":5,"minecraft:mangrove_trapdoor":1,"alexsmobs:crocodile_scute":2,"minecraft:arrow":22,"minecraft:rotten_flesh":19,"aether:chainmail_gloves":1,"minecraft:blue_dye":1,"minecraft:mutton":6,"minecraft:cod":4,"minecraft:white_wool":4,"minecraft:cobblestone":150,"minecraft:feather":6,"minecraft:cooked_beef":1,"minecraft:andesite":9,"minecraft:tripwire_hook":1,"minecraft:water_bucket":1,"minecraft:salmon":15,"minecraft:leather":2,"alexsmobs:cachalot_whale_tooth":1,"minecraft:flint":1,"minecraft:oak_log":54,"minecraft:acacia_boat":1,"minecraft:dirt":138,"minecraft:cooked_mutton":1,"minecraft:bone":13,"minecraft:acacia_planks":4,"minecraft:apple":7,"minecraft:wheat_seeds":8,"minecraft:cooked_chicken":4,"minecraft:oak_planks":12,"minecraft:acacia_sapling":2,"minecraft:book":69,"minecraft:oak_slab":2,"minecraft:pumpkin":7,"minecraft:sweet_berries":119,"minecraft:gravel":5,"minecraft:ink_sac":5,"minecraft:stripped_spruce_log":9,"minecraft:spruce_sapling":8,"minecraft:blast_furnace":4,"minecraft:white_bed":4,"minecraft:spruce_log":78,"minecraft:cyan_bed":5,"minecraft:mossy_cobblestone":1,"minecraft:granite":1,"travelersbackpack:pumpkin":3,"minecraft:painting":1,"minecraft:bread":15,"minecraft:warped_roots":1,"minecraft:terracotta":9,"minecraft:oak_sapling":10,"minecraft:dark_oak_fence":5,"minecraft:coal":14,"minecraft:ender_pearl":1},"minecraft:broken":{"minecraft:stone_pickaxe":1,"minecraft:iron_axe":2,"minecraft:stone_axe":1},"minecraft:mined":{"minecraft:dark_oak_planks":10,"minecraft:waxed_cut_copper_slab":1,"minecraft:spruce_planks":5,"minecraft:mossy_cobblestone":1,"travelersbackpack:pumpkin":1,"gravestone:gravestone":1,"minecraft:granite":2,"minecraft:dark_oak_fence":3,"minecraft:acacia_log":7,"minecraft:grass_block":34,"minecraft:spruce_fence":2,"minecraft:coal_block":1,"minecraft:spruce_leaves":1,"minecraft:spawner":5,"minecraft:large_fern":1,"minecraft:tall_seagrass":1,"minecraft:magma_block":1,"minecraft:furnace":4,"minecraft:raw_gold_block":3,"minecraft:nether_sprouts":1,"minecraft:iron_ore":28,"minecraft:acacia_wood":1,"minecraft:andesite":4,"minecraft:pumpkin":7,"minecraft:stripped_spruce_log":9,"minecraft:polished_deepslate":1,"minecraft:bookshelf":28,"minecraft:cave_vines":1,"minecraft:blue_orchid":1,"minecraft:stone":137,"minecraft:player_head":1,"minecraft:red_bed":2,"minecraft:crafting_table":9,"minecraft:cornflower":1,"minecraft:torch":1,"minecraft:blast_furnace":4,"minecraft:calcite":5,"minecraft:polished_andesite_stairs":1,"minecraft:copper_ore":1,"minecraft:tall_grass":2,"minecraft:cobblestone":2,"minecraft:birch_wood":1,"minecraft:cyan_bed":7,"minecraft:sugar_cane":6,"minecraft:oak_planks":10,"minecraft:diorite":1,"minecraft:spruce_stairs":3,"minecraft:cyan_wool":1,"minecraft:sweet_berry_bush":24,"minecraft:spruce_log":2,"minecraft:birch_leaves":8,"minecraft:grass":5,"minecraft:oak_log":4,"minecraft:coal_ore":14,"minecraft:cyan_carpet":1,"minecraft:dirt":39,"minecraft:terracotta":9,"minecraft:acacia_planks":4,"minecraft:polished_andesite":1,"minecraft:iron_trapdoor":1,"minecraft:fern":3},"minecraft:custom":{"minecraft:mob_kills":84,"minecraft:interact_with_crafting_table":33,"minecraft:open_barrel":20,"minecraft:eat_cake_slice":1,"minecraft:leave_game":6,"minecraft:time_since_death":108707,"minecraft:climb_one_cm":14169,"minecraft:sprint_one_cm":478073,"minecraft:walk_one_cm":385486,"minecraft:damage_blocked_by_shield":1088,"minecraft:drop":56,"minecraft:play_time":237519,"minecraft:deaths":1,"minecraft:sneak_time":23432,"minecraft:walk_under_water_one_cm":43866,"minecraft:boat_one_cm":478183,"minecraft:jump":4256,"minecraft:walk_on_water_one_cm":63902,"minecraft:total_world_time":237519,"minecraft:interact_with_furnace":48,"minecraft:sleep_in_bed":3,"minecraft:time_since_rest":18599,"minecraft:damage_taken":3738,"minecraft:damage_dealt":12737,"minecraft:swim_one_cm":161240,"minecraft:fly_one_cm":805744,"minecraft:open_chest":11,"minecraft:crouch_one_cm":74451,"minecraft:fall_one_cm":114456},"minecraft:killed":{"minecraft:spider":3,"minecraft:cod":4,"alexsmobs:seagull":3,"alexsmobs:bald_eagle":1,"minecraft:skeleton":16,"minecraft:chicken":1,"minecraft:drowned":2,"minecraft:husk":6,"minecraft:pig":2,"minecraft:salmon":16,"minecraft:sheep":5,"minecraft:zombie":20,"alexsmobs:crocodile":1,"alexsmobs:crow":1,"minecraft:cow":2},"minecraft:used":{"minecraft:beetroot":1,"minecraft:stone_shovel":58,"minecraft:chest":1,"minecraft:spruce_planks":3,"minecraft:shield":41,"minecraft:cooked_salmon":7,"minecraft:cooked_chicken":4,"minecraft:rotten_flesh":18,"minecraft:torch":26,"minecraft:dirt":28,"minecraft:carrot":14,"minecraft:spruce_boat":1,"minecraft:iron_axe":252,"minecraft:iron_helmet":1,"minecraft:iron_boots":1,"minecraft:sweet_berries":46,"minecraft:furnace":6,"minecraft:cooked_beef":1,"minecraft:acacia_planks":82,"minecraft:cooked_mutton":3,"minecraft:acacia_boat":1,"minecraft:water_bucket":26,"minecraft:stone_pickaxe":186,"minecraft:oak_planks":96,"minecraft:wooden_pickaxe":3,"minecraft:stripped_mangrove_wood":2,"minecraft:oak_slab":3,"minecraft:crafting_table":13,"minecraft:red_bed":3,"minecraft:white_bed":4,"minecraft:painting":1,"minecraft:apple":6,"minecraft:bread":35,"minecraft:cyan_bed":5,"minecraft:cyan_carpet":5,"minecraft:iron_pickaxe":45,"travelersbackpack:pumpkin":2,"minecraft:gravel":5,"minecraft:stone_axe":79,"minecraft:cobblestone":50,"minecraft:andesite":1,"minecraft:cooked_porkchop":3,"minecraft:bucket":34,"minecraft:pumpkin_pie":2,"minecraft:oak_boat":2},"minecraft:dropped":{"minecraft:water_bucket":2,"minecraft:bread":17,"minecraft:stripped_mangrove_wood":1,"minecraft:wheat_seeds":8,"minecraft:mangrove_trapdoor":1,"minecraft:ender_pearl":2,"minecraft:warped_roots":1,"minecraft:stick":4,"minecraft:blue_dye":1,"minecraft:torch":1,"minecraft:cornflower":1,"minecraft:iron_leggings":1,"gravestone:obituary":1,"minecraft:tripwire_hook":1,"minecraft:white_wool":3,"minecraft:spruce_sapling":6,"minecraft:cooked_chicken":1,"minecraft:oak_planks":17,"minecraft:cooked_mutton":1,"alexsmobs:cachalot_whale_tooth":1,"minecraft:chainmail_chestplate":2,"minecraft:spruce_planks":11,"minecraft:iron_chestplate":1,"minecraft:oak_sapling":4,"minecraft:blue_orchid":1,"minecraft:wooden_pickaxe":1,"minecraft:calcite":1}},"DataVersion":3465}