{"stats":{"minecraft:custom":{"minecraft:interact_with_crafting_table":54,"minecraft:open_barrel":89,"minecraft:eat_cake_slice":1,"minecraft:leave_game":7,"minecraft:time_since_death":29267,"minecraft:sprint_one_cm":889973,"minecraft:damage_blocked_by_shield":3773,"minecraft:drop":146,"minecraft:talked_to_villager":1,"minecraft:play_time":417628,"minecraft:deaths":11,"minecraft:jump":7875,"minecraft:walk_on_water_one_cm":151991,"minecraft:interact_with_furnace":50,"minecraft:sleep_in_bed":11,"minecraft:waystone_activated":1,"minecraft:damage_dealt":37376,"minecraft:crouch_one_cm":111736,"minecraft:interact_with_anvil":1,"minecraft:mob_kills":171,"minecraft:climb_one_cm":19111,"minecraft:walk_one_cm":806523,"minecraft:sneak_time":33838,"minecraft:walk_under_water_one_cm":85599,"minecraft:boat_one_cm":712264,"minecraft:interact_with_blast_furnace":1,"minecraft:total_world_time":417628,"minecraft:tune_noteblock":2,"minecraft:time_since_rest":13460,"minecraft:damage_taken":14182,"minecraft:swim_one_cm":202280,"minecraft:fly_one_cm":1413742,"minecraft:open_chest":73,"minecraft:fall_one_cm":184827},"minecraft:dropped":{"minecraft:brown_mushroom":1,"minecraft:stripped_mangrove_wood":1,"minecraft:ender_pearl":2,"minecraft:crafting_table":1,"minecraft:warped_roots":1,"minecraft:emerald":1,"minecraft:dirt":64,"minecraft:cornflower":1,"minecraft:snowball":225,"gravestone:obituary":17,"minecraft:gold_nugget":1,"minecraft:white_wool":3,"minecraft:gold_ingot":1,"minecraft:cooked_chicken":1,"minecraft:rotten_flesh":68,"minecraft:oak_planks":19,"minecraft:cooked_mutton":1,"alexsmobs:cachalot_whale_tooth":1,"minecraft:chainmail_chestplate":2,"minecraft:birch_door":1,"minecraft:iron_bars":1,"minecraft:arrow":26,"minecraft:stone_brick_stairs":1,"minecraft:iron_ingot":6,"minecraft:water_bucket":2,"minecraft:bread":69,"minecraft:purple_terracotta":5,"minecraft:wheat_seeds":8,"minecraft:mangrove_trapdoor":1,"minecraft:iron_helmet":2,"minecraft:cobblestone":54,"minecraft:coal":4,"minecraft:stick":4,"minecraft:blue_dye":1,"minecraft:torch":1,"minecraft:iron_leggings":1,"minecraft:iron_axe":1,"minecraft:chainmail_leggings":1,"minecraft:string":21,"minecraft:tripwire_hook":1,"minecraft:bucket":2,"minecraft:spruce_sapling":18,"minecraft:dandelion":1,"minecraft:bowl":1,"minecraft:stone_shovel":1,"minecraft:experience_bottle":60,"minecraft:iron_boots":1,"minecraft:totem_of_undying":3,"minecraft:diamond_sword":2,"minecraft:spruce_boat":1,"supplementaries:rope_arrow":1,"aether:iron_gloves":2,"aether:diamond_gloves":1,"minecraft:spruce_planks":15,"minecraft:iron_chestplate":2,"minecraft:oak_sapling":4,"minecraft:spider_eye":2,"minecraft:spruce_log":1,"minecraft:bow":2,"minecraft:blue_orchid":1,"minecraft:stone_pickaxe":1,"minecraft:wooden_pickaxe":1,"minecraft:calcite":1,"minecraft:magenta_terracotta":4},"minecraft:picked_up":{"minecraft:iron_chestplate":2,"minecraft:birch_door":1,"minecraft:magenta_carpet":2,"minecraft:diamond_sword":1,"aether:iron_gloves":7,"minecraft:stone_brick_stairs":2,"minecraft:polished_deepslate":1,"minecraft:raw_copper":5,"minecraft:string":31,"minecraft:waxed_cut_copper_slab":3,"aether:diamond_gloves":3,"minecraft:iron_leggings":3,"minecraft:experience_bottle":14,"minecraft:beetroot":1,"minecraft:gold_nugget":135,"minecraft:spruce_planks":135,"minecraft:calcite":25,"minecraft:melon_slice":26,"minecraft:coal_block":1,"minecraft:furnace":4,"minecraft:stick":45,"minecraft:torch":9,"minecraft:acacia_log":34,"minecraft:spruce_stairs":4,"minecraft:porkchop":5,"minecraft:diorite":2,"minecraft:rotten_flesh":73,"aether:chainmail_gloves":1,"minecraft:blue_dye":1,"minecraft:cyan_terracotta":1,"supplementaries:ash":1,"minecraft:cod":4,"minecraft:iron_bars":3,"minecraft:snowball":542,"minecraft:cobblestone":203,"minecraft:enchanting_table":1,"minecraft:feather":6,"minecraft:cooked_beef":1,"minecraft:water_bucket":1,"minecraft:andesite":9,"minecraft:flint":1,"minecraft:acacia_boat":1,"minecraft:magenta_terracotta":4,"minecraft:dirt":146,"minecraft:lantern":1,"minecraft:bone":22,"minecraft:acacia_planks":4,"minecraft:bow":3,"minecraft:stonecutter":1,"minecraft:wheat_seeds":10,"minecraft:diamond_helmet":1,"minecraft:oak_planks":41,"minecraft:music_disc_13":1,"minecraft:stripped_spruce_log":9,"minecraft:ink_sac":5,"minecraft:cyan_bed":5,"minecraft:mossy_cobblestone":1,"minecraft:light_gray_concrete":8,"minecraft:polished_andesite":2,"minecraft:spruce_boat":1,"minecraft:granite":1,"minecraft:bread":42,"minecraft:emerald":28,"minecraft:oak_sapling":10,"minecraft:dark_oak_fence":5,"minecraft:bricks":4,"minecraft:cocoa_beans":8,"minecraft:charcoal":3,"minecraft:crafting_table":13,"minecraft:chicken":1,"minecraft:brown_mushroom":1,"minecraft:chain":2,"gravestone:obituary":13,"minecraft:cornflower":2,"minecraft:iron_axe":1,"minecraft:red_bed":3,"minecraft:cyan_carpet":5,"minecraft:blue_orchid":1,"minecraft:beef":2,"minecraft:player_head":2,"minecraft:sugar_cane":14,"minecraft:dark_oak_sapling":1,"minecraft:raw_iron":28,"minecraft:stripped_mangrove_wood":3,"minecraft:raw_gold_block":3,"minecraft:bowl":1,"minecraft:spruce_fence":2,"minecraft:note_block":4,"minecraft:carrot":5,"minecraft:mangrove_trapdoor":1,"alexsmobs:crocodile_scute":2,"minecraft:purple_terracotta":15,"minecraft:dark_oak_planks":2,"minecraft:arrow":35,"minecraft:cooked_cod":5,"minecraft:decorated_pot":1,"minecraft:hay_block":99,"minecraft:totem_of_undying":9,"minecraft:mutton":6,"minecraft:white_wool":4,"minecraft:tripwire_hook":1,"minecraft:salmon":15,"minecraft:leather":2,"alexsmobs:cachalot_whale_tooth":1,"minecraft:oak_log":54,"minecraft:yellow_bed":4,"minecraft:gunpowder":19,"minecraft:cooked_mutton":1,"minecraft:apple":7,"minecraft:stone_bricks":14,"minecraft:iron_ingot":10,"minecraft:cooked_chicken":4,"minecraft:acacia_sapling":2,"minecraft:iron_sword":1,"minecraft:book":69,"minecraft:oak_slab":2,"minecraft:pumpkin":7,"minecraft:sweet_berries":131,"minecraft:dandelion":1,"minecraft:gravel":5,"minecraft:spruce_sapling":33,"minecraft:blast_furnace":8,"minecraft:white_bed":4,"minecraft:spruce_log":136,"minecraft:spider_eye":4,"minecraft:iron_helmet":2,"travelersbackpack:pumpkin":12,"minecraft:painting":1,"minecraft:warped_roots":1,"minecraft:terracotta":9,"minecraft:damaged_anvil":1,"minecraft:coal":18,"minecraft:ender_pearl":1},"minecraft:used":{"minecraft:beetroot":1,"minecraft:diamond_hoe":68,"minecraft:chest":3,"minecraft:shield":78,"minecraft:player_head":1,"minecraft:rotten_flesh":27,"minecraft:iron_chestplate":2,"minecraft:carrot":14,"minecraft:snowball":118,"minecraft:spruce_boat":2,"minecraft:iron_helmet":2,"minecraft:stone_bricks":3,"minecraft:sweet_berries":156,"minecraft:furnace":8,"minecraft:cooked_cod":7,"minecraft:stone_pickaxe":186,"minecraft:oak_planks":178,"minecraft:wooden_pickaxe":3,"minecraft:stripped_mangrove_wood":2,"minecraft:cyan_bed":5,"minecraft:bread":148,"minecraft:cyan_carpet":5,"travelersbackpack:pumpkin":5,"minecraft:gravel":5,"minecraft:diamond_sword":271,"minecraft:andesite":1,"minecraft:oak_boat":2,"minecraft:stone_shovel":190,"minecraft:spruce_planks":184,"minecraft:cooked_salmon":14,"minecraft:stone_hoe":31,"minecraft:cooked_chicken":4,"minecraft:torch":31,"minecraft:dirt":31,"minecraft:iron_axe":358,"minecraft:iron_boots":1,"minecraft:cooked_beef":1,"minecraft:acacia_planks":82,"minecraft:iron_leggings":2,"minecraft:cooked_mutton":4,"minecraft:acacia_boat":1,"minecraft:water_bucket":49,"minecraft:oak_slab":3,"minecraft:crafting_table":17,"minecraft:red_bed":3,"minecraft:white_bed":4,"minecraft:painting":1,"minecraft:apple":10,"minecraft:iron_pickaxe":122,"minecraft:spruce_sapling":1,"minecraft:stone_axe":81,"minecraft:cobblestone":98,"minecraft:cooked_porkchop":3,"minecraft:bucket":53,"minecraft:pumpkin_pie":2,"minecraft:yellow_bed":3},"minecraft:killed":{"minecraft:cave_spider":2,"minecraft:spider":4,"minecraft:cod":4,"alexsmobs:bald_eagle":1,"minecraft:skeleton":29,"minecraft:chicken":1,"minecraft:illusioner":7,"minecraft:pig":2,"minecraft:salmon":16,"minecraft:sheep":5,"minecraft:pillager":18,"minecraft:zombie":30,"minecraft:stray":1,"minecraft:cow":2,"minecraft:evoker":9,"minecraft:vex":9,"alexsmobs:raccoon":1,"minecraft:vindicator":14,"alexsmobs:seagull":3,"minecraft:drowned":2,"minecraft:husk":7,"alexsmobs:crocodile":1,"alexsmobs:crow":1},"minecraft:killed_by":{"minecraft:vex":3,"minecraft:player":1},"minecraft:broken":{"minecraft:iron_boots":1,"minecraft:iron_chestplate":1,"minecraft:iron_leggings":1,"minecraft:stone_pickaxe":1,"minecraft:stone_axe":1,"minecraft:stone_shovel":1,"minecraft:shield":1,"minecraft:iron_axe":2},"minecraft:mined":{"minecraft:dark_oak_planks":10,"minecraft:waxed_cut_copper_slab":1,"minecraft:spruce_planks":26,"travelersbackpack:pumpkin":2,"minecraft:granite":2,"minecraft:acacia_log":7,"minecraft:grass_block":36,"minecraft:coal_block":1,"minecraft:spawner":9,"minecraft:tall_seagrass":1,"minecraft:magma_block":1,"minecraft:iron_ore":28,"minecraft:pumpkin":7,"minecraft:enchanting_table":1,"minecraft:cave_vines":1,"minecraft:oak_stairs":1,"minecraft:iron_bars":1,"minecraft:light_gray_concrete":10,"minecraft:blue_orchid":1,"minecraft:player_head":1,"minecraft:gray_terracotta":4,"minecraft:cyan_terracotta":4,"minecraft:red_bed":2,"minecraft:torch":1,"minecraft:blast_furnace":8,"minecraft:melon":2,"minecraft:calcite":8,"minecraft:polished_andesite_stairs":1,"minecraft:cobblestone":3,"minecraft:birch_wood":1,"minecraft:cyan_bed":7,"minecraft:sugar_cane":6,"minecraft:oak_planks":40,"minecraft:damaged_anvil":1,"minecraft:bricks":5,"minecraft:wall_torch":1,"minecraft:cyan_wool":1,"minecraft:waxed_copper_block":1,"minecraft:stone_brick_stairs":2,"minecraft:grass":7,"minecraft:oak_log":4,"minecraft:dirt":46,"minecraft:stonecutter":1,"minecraft:mossy_cobblestone":1,"minecraft:dark_oak_fence":3,"gravestone:gravestone":11,"minecraft:purple_terracotta":5,"minecraft:spruce_fence":2,"minecraft:decorated_pot":1,"minecraft:spruce_leaves":2,"minecraft:large_fern":1,"minecraft:hay_block":99,"minecraft:furnace":4,"minecraft:raw_gold_block":3,"minecraft:nether_sprouts":1,"minecraft:snow":128,"minecraft:acacia_wood":1,"minecraft:andesite":4,"minecraft:stripped_spruce_log":9,"minecraft:gold_block":1,"minecraft:polished_deepslate":1,"minecraft:bookshelf":31,"minecraft:stone":138,"minecraft:brown_stained_glass_pane":2,"minecraft:crafting_table":12,"minecraft:cornflower":1,"minecraft:tall_grass":4,"minecraft:copper_ore":1,"minecraft:diorite":2,"minecraft:spruce_stairs":5,"minecraft:magenta_terracotta":2,"minecraft:sweet_berry_bush":24,"minecraft:spruce_log":5,"minecraft:birch_leaves":8,"minecraft:yellow_bed":4,"minecraft:coal_ore":14,"minecraft:cyan_carpet":1,"minecraft:cobweb":3,"minecraft:acacia_planks":4,"minecraft:terracotta":9,"minecraft:polished_andesite":3,"minecraft:stone_bricks":21,"minecraft:iron_trapdoor":1,"minecraft:fern":4},"minecraft:crafted":{"minecraft:oak_planks":200,"minecraft:cooked_chicken":1,"minecraft:cooked_mutton":4,"minecraft:iron_boots":2,"minecraft:chest":3,"minecraft:stone_hoe":1,"minecraft:oak_slab":12,"minecraft:cooked_porkchop":3,"minecraft:crafting_table":6,"minecraft:spruce_planks":332,"minecraft:wooden_pickaxe":1,"minecraft:iron_helmet":2,"minecraft:iron_chestplate":1,"minecraft:charcoal":3,"minecraft:shield":2,"minecraft:stick":12,"minecraft:iron_ingot":28,"minecraft:iron_pickaxe":1,"minecraft:gold_ingot":32,"minecraft:coal":9,"minecraft:stone_shovel":2,"minecraft:furnace":4,"minecraft:iron_axe":3,"minecraft:stone_pickaxe":2,"minecraft:spruce_boat":3,"minecraft:wheat":396,"minecraft:cooked_cod":2,"minecraft:cooked_salmon":15,"minecraft:bucket":1,"minecraft:stone_axe":3,"minecraft:bread":126,"minecraft:air":0,"minecraft:oak_boat":2,"minecraft:raw_gold":27,"minecraft:iron_leggings":1,"minecraft:acacia_planks":136,"minecraft:torch":48}},"DataVersion":3465}