{"stats":{"minecraft:picked_up":{"minecraft:iron_chestplate":1,"minecraft:crafting_table":1,"minecraft:birch_door":1,"minecraft:feather":2,"minecraft:flower_pot":2,"minecraft:tripwire_hook":2,"alexsmobs:acacia_blossom":1,"minecraft:brown_mushroom":2,"minecraft:potion":3,"minecraft:flint":1,"minecraft:chainmail_chestplate":1,"gravestone:obituary":1,"minecraft:lantern":1,"minecraft:dirt":75,"minecraft:cornflower":2,"minecraft:string":12,"minecraft:red_bed":2,"minecraft:polished_granite":1,"minecraft:iron_leggings":1,"minecraft:cooked_mutton":4,"minecraft:item_frame":1,"minecraft:mangrove_fence":1,"minecraft:blue_orchid":5,"minecraft:wheat_seeds":2,"minecraft:gold_nugget":3,"minecraft:oak_boat":1,"minecraft:player_head":1,"minecraft:calcite":5,"minecraft:azalea":1,"minecraft:sugar_cane":11,"minecraft:chest":1,"minecraft:acacia_sapling":1,"minecraft:oak_planks":18,"minecraft:flowering_azalea":1,"minecraft:oak_slab":6,"minecraft:stick":3,"minecraft:raw_iron":5,"minecraft:stripped_mangrove_wood":12,"minecraft:sweet_berries":4,"minecraft:quartz":3,"minecraft:acacia_log":6,"minecraft:dandelion":2,"minecraft:torch":1,"minecraft:bowl":1,"minecraft:spruce_stairs":2,"minecraft:gravel":4,"minecraft:note_block":3,"minecraft:spruce_sapling":1,"minecraft:cyan_bed":6,"minecraft:white_bed":5,"minecraft:spruce_log":3,"minecraft:carrot":12,"minecraft:barrel":3,"alexsmobs:animal_dictionary":1,"minecraft:dark_oak_planks":3,"supplementaries:sign_post_oak":1,"minecraft:arrow":2,"minecraft:rotten_flesh":4,"waystones:waystone":1,"minecraft:granite":1,"minecraft:painting":1,"minecraft:gray_wool":1,"minecraft:glistering_melon_slice":5,"minecraft:terracotta":1,"minecraft:oak_sapling":1,"minecraft:cobblestone":4,"minecraft:ender_pearl":1},"minecraft:mined":{"minecraft:dark_oak_planks":2,"minecraft:white_bed":1,"minecraft:brown_mushroom":3,"minecraft:red_bed":3,"minecraft:potted_flowering_azalea_bush":1,"minecraft:torch":1,"minecraft:crafting_table":1,"minecraft:cornflower":1,"minecraft:note_block":4,"gravestone:gravestone":3,"minecraft:acacia_log":3,"minecraft:grass_block":46,"minecraft:mangrove_fence":1,"minecraft:chest":1,"minecraft:cyan_bed":6,"minecraft:oak_planks":1,"minecraft:large_fern":2,"minecraft:spruce_stairs":2,"minecraft:gray_wool":1,"minecraft:carrots":1,"minecraft:spruce_sapling":1,"minecraft:dark_oak_trapdoor":1,"minecraft:barrel":3,"minecraft:sweet_berry_bush":3,"minecraft:spruce_log":2,"minecraft:birch_door":1,"minecraft:grass":1,"minecraft:flowering_azalea_leaves":7,"minecraft:gravel":2,"minecraft:dirt":23,"minecraft:potted_cornflower":1,"minecraft:azalea_leaves":2,"minecraft:stripped_mangrove_wood":11,"minecraft:player_head":1,"minecraft:cake":1,"minecraft:fern":3},"minecraft:custom":{"minecraft:leave_game":8,"minecraft:time_since_death":10282,"minecraft:sleep_in_bed":2,"minecraft:climb_one_cm":780,"minecraft:time_since_rest":10310,"minecraft:sprint_one_cm":11699,"minecraft:damage_taken":2406,"minecraft:walk_one_cm":252522,"minecraft:damage_dealt":223,"minecraft:play_noteblock":9,"minecraft:swim_one_cm":15722,"minecraft:fly_one_cm":30421,"minecraft:play_time":147850,"minecraft:deaths":7,"minecraft:sneak_time":46,"minecraft:walk_under_water_one_cm":43461,"minecraft:boat_one_cm":45195,"minecraft:jump":1044,"minecraft:walk_on_water_one_cm":57327,"minecraft:total_world_time":147850,"minecraft:fall_one_cm":23807},"minecraft:used":{"minecraft:acacia_log":3,"minecraft:iron_chestplate":1,"minecraft:stripped_mangrove_wood":11,"minecraft:dirt":1,"minecraft:red_bed":1,"minecraft:chainmail_chestplate":1,"minecraft:white_bed":5,"minecraft:cyan_bed":1}},"DataVersion":3465}