{"stats":{"minecraft:broken":{"minecraft:shears":4,"minecraft:stone_pickaxe":1,"minecraft:stone_sword":1,"minecraft:shield":1,"minecraft:iron_axe":7},"minecraft:mined":{"minecraft:dark_oak_planks":2,"minecraft:spruce_planks":44,"minecraft:white_bed":6,"minecraft:oak_sapling":44,"minecraft:red_nether_bricks":3,"minecraft:acacia_log":6,"minecraft:grass_block":23,"minecraft:spawner":1,"supplementaries:sign_post":1,"minecraft:iron_ore":114,"minecraft:fire":67,"minecraft:iron_bars":1,"amendments:wall_lantern":1,"minecraft:small_amethyst_bud":1,"minecraft:light_gray_concrete":2,"minecraft:stripped_mangrove_wood":1,"minecraft:clay":2,"minecraft:torch":7,"minecraft:blast_furnace":4,"minecraft:calcite":4,"minecraft:melon":14,"minecraft:cobblestone":20,"minecraft:sugar_cane":5,"minecraft:oak_planks":216,"minecraft:bricks":30,"minecraft:wall_torch":3,"minecraft:seagrass":1,"minecraft:black_bed":3,"minecraft:grass":33,"minecraft:oak_log":52,"minecraft:sand":180,"minecraft:dirt":62,"minecraft:oak_leaves":801,"minecraft:deepslate_diamond_ore":1,"gravestone:gravestone":9,"minecraft:dark_oak_fence":2,"minecraft:purple_terracotta":13,"minecraft:decorated_pot":1,"minecraft:spruce_leaves":292,"minecraft:large_fern":1,"minecraft:hay_block":32,"minecraft:black_stained_glass_pane":3,"minecraft:spruce_sapling":2,"minecraft:furnace":14,"minecraft:carrots":2,"minecraft:shroomlight":23,"minecraft:stripped_oak_log":20,"minecraft:stone":117,"minecraft:bone_block":1,"minecraft:white_wool":61,"minecraft:oak_slab":1,"minecraft:glass_pane":10,"minecraft:red_wool":4,"minecraft:dandelion":2,"minecraft:crafting_table":20,"minecraft:cornflower":2,"minecraft:emerald_ore":1,"minecraft:campfire":1,"minecraft:tall_grass":7,"minecraft:diorite":1,"minecraft:birch_planks":7,"travelersbackpack:magenta_sleeping_bag":1,"minecraft:magenta_terracotta":7,"minecraft:sweet_berry_bush":4,"minecraft:spruce_log":5,"minecraft:yellow_bed":4,"minecraft:coal_ore":51,"minecraft:gravel":35,"minecraft:cobweb":12,"minecraft:acacia_planks":1,"minecraft:polished_andesite":2,"minecraft:stone_bricks":15,"minecraft:fern":2},"minecraft:picked_up":{"minecraft:black_carpet":5,"minecraft:magenta_carpet":7,"minecraft:diamond_sword":1,"minecraft:potion":1,"minecraft:enchanted_book":1,"minecraft:string":27,"aether:diamond_gloves":1,"minecraft:red_nether_bricks":3,"minecraft:shroomlight":27,"minecraft:beetroot":4,"minecraft:bucket":1,"minecraft:spruce_planks":48,"minecraft:white_tulip":2,"minecraft:calcite":3,"minecraft:azalea":13,"minecraft:melon_slice":68,"minecraft:furnace":14,"minecraft:stick":149,"minecraft:sheaf_pottery_sherd":1,"minecraft:big_dripleaf":4,"minecraft:torch":21,"minecraft:acacia_log":6,"minecraft:spruce_stairs":1,"minecraft:porkchop":8,"minecraft:diorite":1,"minecraft:rotten_flesh":39,"minecraft:tropical_fish":1,"aether:chainmail_gloves":2,"minecraft:cyan_terracotta":2,"supplementaries:quiver":1,"supplementaries:ash":3,"minecraft:iron_bars":1,"minecraft:cod":6,"alexsmobs:lobster_tail":1,"minecraft:cobblestone":141,"minecraft:birch_log":24,"minecraft:feather":10,"minecraft:cooked_beef":7,"minecraft:water_bucket":2,"minecraft:black_bed":3,"alexsmobs:bear_fur":1,"minecraft:flint":1,"minecraft:acacia_boat":3,"minecraft:wither_skeleton_skull":1,"minecraft:lantern":1,"minecraft:magenta_terracotta":9,"minecraft:dirt":85,"minecraft:purple_carpet":17,"minecraft:bone":24,"minecraft:acacia_planks":1,"minecraft:bow":1,"minecraft:wheat_seeds":6,"minecraft:oak_planks":213,"minecraft:cooked_porkchop":10,"travelersbackpack:magenta_sleeping_bag":2,"minecraft:sand":178,"minecraft:ink_sac":18,"minecraft:grass_block":2,"minecraft:polished_andesite":2,"minecraft:diamond":1,"minecraft:angler_pottery_sherd":1,"minecraft:bone_meal":1,"minecraft:golden_apple":1,"minecraft:emerald":4,"minecraft:bread":32,"minecraft:oak_sapling":183,"minecraft:dark_oak_fence":2,"minecraft:bricks":30,"minecraft:oak_leaves":647,"minecraft:spruce_leaves":205,"minecraft:charcoal":2,"minecraft:shelter_pottery_sherd":1,"minecraft:crafting_table":20,"travelersbackpack:hay":1,"minecraft:clay_ball":8,"gravestone:obituary":13,"minecraft:cornflower":1,"minecraft:iron_axe":1,"minecraft:beef":1,"minecraft:oak_boat":16,"minecraft:poppy":1,"minecraft:light_gray_wool":35,"minecraft:sugar_cane":9,"minecraft:birch_sapling":1,"minecraft:egg":5,"minecraft:raw_iron":113,"minecraft:stripped_mangrove_wood":1,"minecraft:spruce_fence":1,"minecraft:carrot":4,"minecraft:purple_terracotta":13,"minecraft:dark_oak_planks":2,"supplementaries:sign_post_oak":1,"minecraft:arrow":23,"minecraft:hay_block":42,"minecraft:totem_of_undying":2,"minecraft:glistering_melon_slice":8,"minecraft:gold_ingot":1,"minecraft:white_wool":73,"minecraft:bone_block":1,"minecraft:oxeye_daisy":1,"minecraft:stripped_oak_log":20,"minecraft:salmon":10,"minecraft:fern":1,"minecraft:leather":11,"minecraft:birch_planks":7,"minecraft:oak_log":760,"minecraft:yellow_bed":5,"minecraft:gunpowder":4,"minecraft:cooked_mutton":6,"minecraft:apple":33,"minecraft:stone_bricks":18,"minecraft:kelp":32,"minecraft:cooked_chicken":10,"minecraft:flowering_azalea":3,"minecraft:book":45,"minecraft:oak_slab":1,"minecraft:sweet_berries":9,"minecraft:red_wool":4,"minecraft:dandelion":1,"minecraft:gravel":33,"minecraft:spruce_sapling":19,"minecraft:blast_furnace":4,"minecraft:white_bed":6,"minecraft:spruce_log":55,"minecraft:spider_eye":7,"travelersbackpack:standard":2,"minecraft:snort_pottery_sherd":1,"minecraft:gray_wool":19,"minecraft:coal":52,"minecraft:ender_pearl":1},"minecraft:crafted":{"minecraft:black_dye":7,"minecraft:oak_planks":856,"minecraft:glass":158,"minecraft:iron_boots":4,"travelersbackpack:gray_sleeping_bag":1,"minecraft:chest":5,"minecraft:cooked_porkchop":11,"minecraft:crafting_table":2,"minecraft:spruce_planks":216,"travelersbackpack:standard":1,"minecraft:wooden_pickaxe":1,"minecraft:iron_helmet":1,"minecraft:birch_planks":96,"minecraft:iron_chestplate":1,"minecraft:shield":4,"minecraft:stick":32,"minecraft:iron_ingot":83,"minecraft:iron_pickaxe":2,"minecraft:stone_sword":1,"minecraft:shears":5,"minecraft:oak_door":3,"minecraft:stone_shovel":1,"minecraft:furnace":3,"minecraft:glass_pane":304,"minecraft:flint_and_steel":1,"minecraft:iron_axe":8,"minecraft:stone_pickaxe":2,"minecraft:wheat":81,"minecraft:cooked_beef":8,"minecraft:cooked_cod":48,"travelersbackpack:backpack_tank":2,"minecraft:iron_sword":1,"minecraft:cooked_salmon":25,"minecraft:bucket":3,"minecraft:stone_axe":1,"minecraft:bread":9,"minecraft:air":0,"minecraft:oak_boat":3,"minecraft:black_stained_glass_pane":56,"minecraft:iron_shovel":1,"minecraft:iron_leggings":1,"minecraft:white_bed":1,"minecraft:torch":160},"minecraft:used":{"minecraft:beetroot":4,"minecraft:iron_shovel":129,"minecraft:poppy":1,"minecraft:bone_block":1,"minecraft:black_carpet":4,"minecraft:shield":88,"minecraft:chest":4,"minecraft:iron_sword":144,"minecraft:spruce_leaves":191,"minecraft:mutton":2,"travelersbackpack:hay":1,"minecraft:carrot":56,"minecraft:axolotl_bucket":3,"minecraft:big_dripleaf":4,"minecraft:cyan_terracotta":2,"minecraft:bricks":11,"alexsmobs:lobster_tail":1,"minecraft:black_stained_glass_pane":42,"minecraft:grass_block":2,"minecraft:stone_bricks":6,"minecraft:bow":18,"minecraft:sweet_berries":9,"minecraft:oak_sapling":142,"minecraft:furnace":8,"minecraft:cooked_cod":3,"minecraft:egg":5,"minecraft:potato":11,"minecraft:diorite":1,"minecraft:stone_pickaxe":166,"minecraft:oak_planks":918,"minecraft:ender_pearl":1,"minecraft:wooden_pickaxe":10,"minecraft:sugar_cane":8,"minecraft:cookie":36,"minecraft:oak_leaves":600,"minecraft:stripped_mangrove_wood":1,"minecraft:blast_furnace":2,"minecraft:purple_terracotta":9,"minecraft:black_bed":3,"minecraft:shears":985,"minecraft:melon_slice":68,"minecraft:bread":51,"minecraft:gravel":33,"minecraft:diamond_sword":304,"minecraft:oak_boat":18,"minecraft:experience_bottle":3,"minecraft:azalea":13,"minecraft:stone_sword":141,"minecraft:white_tulip":2,"minecraft:flint_and_steel":77,"minecraft:stone_shovel":104,"minecraft:spruce_planks":202,"minecraft:cooked_salmon":15,"minecraft:cooked_chicken":6,"minecraft:oak_door":1,"minecraft:torch":178,"minecraft:dirt":125,"minecraft:purple_banner":1,"minecraft:dark_oak_planks":2,"minecraft:flowering_azalea":3,"minecraft:iron_axe":1073,"minecraft:iron_boots":1,"minecraft:beef":2,"minecraft:magenta_terracotta":9,"minecraft:cooked_beef":14,"minecraft:iron_leggings":1,"minecraft:calcite":3,"minecraft:cooked_mutton":6,"minecraft:acacia_boat":2,"minecraft:birch_planks":77,"minecraft:polished_andesite":2,"minecraft:baked_potato":21,"minecraft:red_nether_bricks":3,"minecraft:salmon":4,"minecraft:crafting_table":21,"minecraft:oak_slab":1,"travelersbackpack:magenta_sleeping_bag":1,"minecraft:white_bed":6,"minecraft:cod":6,"minecraft:spruce_log":1,"minecraft:oak_log":604,"minecraft:apple":86,"minecraft:oxeye_daisy":1,"minecraft:iron_pickaxe":232,"minecraft:spruce_sapling":11,"minecraft:stone_axe":37,"minecraft:fishing_rod":7,"minecraft:cobblestone":39,"travelersbackpack:standard":5,"minecraft:porkchop":4,"minecraft:cooked_porkchop":9,"minecraft:bucket":7,"minecraft:glass_pane":223,"minecraft:yellow_bed":4,"minecraft:pumpkin_pie":7,"alexsmobs:animal_dictionary":1,"minecraft:stripped_oak_log":20,"minecraft:dandelion":1,"minecraft:purple_carpet":7,"minecraft:gray_wool":1},"minecraft:custom":{"minecraft:animals_bred":7,"minecraft:interact_with_crafting_table":77,"minecraft:open_barrel":150,"minecraft:bell_ring":9,"minecraft:eat_cake_slice":1,"minecraft:leave_game":10,"minecraft:time_since_death":50977,"minecraft:sprint_one_cm":1493763,"minecraft:damage_blocked_by_shield":5310,"minecraft:drop":139,"minecraft:play_noteblock":1,"minecraft:talked_to_villager":14,"minecraft:play_time":650881,"minecraft:deaths":9,"minecraft:jump":12449,"minecraft:walk_on_water_one_cm":105012,"minecraft:interact_with_furnace":114,"minecraft:sleep_in_bed":34,"minecraft:damage_dealt":34823,"minecraft:crouch_one_cm":192330,"minecraft:interact_with_smoker":7,"minecraft:inspect_dispenser":1,"minecraft:mob_kills":155,"minecraft:climb_one_cm":30139,"minecraft:walk_one_cm":1511851,"minecraft:sneak_time":53610,"minecraft:walk_under_water_one_cm":70545,"minecraft:boat_one_cm":2030713,"minecraft:interact_with_blast_furnace":34,"minecraft:total_world_time":650881,"minecraft:tune_noteblock":25,"minecraft:time_since_rest":1132,"minecraft:damage_taken":14110,"minecraft:swim_one_cm":177987,"minecraft:fly_one_cm":2229167,"minecraft:open_chest":178,"minecraft:fish_caught":7,"minecraft:fall_one_cm":326733},"minecraft:dropped":{"minecraft:porkchop":1,"minecraft:oak_log":2,"minecraft:cooked_porkchop":6,"minecraft:dirt":9,"minecraft:cornflower":1,"minecraft:cooked_cod":5,"gravestone:obituary":15,"minecraft:bone_meal":1,"minecraft:glistering_melon_slice":8,"minecraft:cooked_chicken":4,"alexsmobs:animal_dictionary":1,"minecraft:rotten_flesh":20,"aether:leather_gloves":1,"minecraft:fern":1,"minecraft:salmon":1,"minecraft:arrow":11,"minecraft:beef":1,"minecraft:water_bucket":4,"minecraft:iron_ingot":19,"minecraft:wheat_seeds":3,"minecraft:cobblestone":2,"minecraft:coal":1,"minecraft:ink_sac":11,"minecraft:diamond_helmet":1,"minecraft:string":3,"minecraft:spruce_sapling":8,"minecraft:kelp":32,"minecraft:stone_shovel":1,"minecraft:clay_ball":8,"minecraft:iron_boots":2,"minecraft:totem_of_undying":1,"travelersbackpack:magenta_sleeping_bag":1,"supplementaries:quiver":1,"minecraft:hay_block":2,"minecraft:shield":1,"aether:chainmail_gloves":1,"aether:diamond_gloves":1,"minecraft:iron_chestplate":1,"minecraft:oak_sapling":23,"minecraft:spider_eye":3,"minecraft:stone_pickaxe":1,"minecraft:wooden_pickaxe":1},"minecraft:killed_by":{"minecraft:wither_skeleton":1,"minecraft:vex":1},"minecraft:killed":{"alexsmobs:hummingbird":1,"minecraft:cave_spider":5,"alexsmobs:lobster":1,"minecraft:spider":5,"minecraft:cod":1,"minecraft:skeleton":23,"minecraft:chicken":6,"minecraft:illusioner":1,"minecraft:pig":4,"alexsmobs:grizzly_bear":2,"minecraft:salmon":5,"alexsmobs:seal":2,"minecraft:creeper":3,"minecraft:sheep":1,"minecraft:pillager":7,"minecraft:zombie":15,"minecraft:cow":4,"minecraft:evoker":1,"minecraft:vex":14,"minecraft:vindicator":11,"alexsmobs:seagull":1,"minecraft:phantom":4,"minecraft:llama":3,"minecraft:husk":16,"minecraft:hoglin":3,"minecraft:squid":1,"minecraft:wither_skeleton":4,"minecraft:enderman":3}},"DataVersion":3465}