{"stats":{"minecraft:custom":{"minecraft:mob_kills":58,"minecraft:interact_with_crafting_table":39,"minecraft:open_barrel":81,"minecraft:bell_ring":1,"minecraft:eat_cake_slice":1,"minecraft:leave_game":2,"minecraft:time_since_death":10812,"minecraft:climb_one_cm":16804,"minecraft:sprint_one_cm":725242,"minecraft:walk_one_cm":571622,"minecraft:damage_blocked_by_shield":3180,"minecraft:drop":42,"minecraft:play_noteblock":1,"minecraft:talked_to_villager":5,"minecraft:play_time":267430,"minecraft:deaths":1,"minecraft:sneak_time":16190,"minecraft:walk_under_water_one_cm":26882,"minecraft:boat_one_cm":567747,"minecraft:jump":6025,"minecraft:interact_with_blast_furnace":34,"minecraft:walk_on_water_one_cm":34374,"minecraft:total_world_time":267430,"minecraft:interact_with_furnace":76,"minecraft:tune_noteblock":24,"minecraft:sleep_in_bed":14,"minecraft:time_since_rest":6533,"minecraft:damage_taken":4801,"minecraft:damage_dealt":11163,"minecraft:swim_one_cm":93532,"minecraft:fly_one_cm":1215537,"minecraft:open_chest":72,"minecraft:crouch_one_cm":55120,"minecraft:fall_one_cm":178105},"minecraft:dropped":{"minecraft:porkchop":1,"minecraft:wheat_seeds":1,"minecraft:oak_log":2,"minecraft:coal":1,"minecraft:dirt":9,"minecraft:cornflower":1,"minecraft:string":2,"minecraft:kelp":15,"minecraft:cooked_chicken":4,"alexsmobs:animal_dictionary":1,"minecraft:stone_shovel":1,"minecraft:rotten_flesh":7,"aether:leather_gloves":1,"minecraft:hay_block":2,"minecraft:oak_sapling":5,"minecraft:spider_eye":3,"minecraft:wooden_pickaxe":1,"minecraft:stone_pickaxe":1},"minecraft:picked_up":{"minecraft:charcoal":2,"minecraft:shelter_pottery_sherd":1,"minecraft:crafting_table":12,"minecraft:potion":1,"minecraft:cornflower":1,"minecraft:string":13,"minecraft:red_nether_bricks":3,"minecraft:beetroot":4,"minecraft:spruce_planks":3,"minecraft:white_tulip":2,"minecraft:oak_boat":6,"minecraft:calcite":3,"minecraft:azalea":12,"minecraft:light_gray_wool":2,"minecraft:sugar_cane":9,"minecraft:furnace":6,"minecraft:egg":5,"minecraft:stick":28,"minecraft:raw_iron":91,"minecraft:sheaf_pottery_sherd":1,"minecraft:stripped_mangrove_wood":1,"minecraft:torch":8,"minecraft:acacia_log":6,"minecraft:spruce_fence":1,"minecraft:porkchop":3,"minecraft:diorite":1,"supplementaries:sign_post_oak":1,"minecraft:arrow":11,"minecraft:rotten_flesh":7,"minecraft:hay_block":2,"minecraft:gold_ingot":1,"minecraft:iron_bars":1,"minecraft:bone_block":1,"alexsmobs:lobster_tail":1,"minecraft:white_wool":12,"minecraft:cobblestone":100,"minecraft:oxeye_daisy":1,"minecraft:feather":10,"minecraft:cooked_beef":5,"minecraft:salmon":6,"minecraft:black_bed":3,"minecraft:leather":9,"alexsmobs:bear_fur":1,"minecraft:flint":1,"minecraft:oak_log":151,"minecraft:gunpowder":2,"minecraft:yellow_bed":3,"minecraft:acacia_boat":1,"minecraft:lantern":1,"minecraft:dirt":35,"minecraft:cooked_mutton":6,"minecraft:bone":12,"minecraft:acacia_planks":1,"minecraft:apple":4,"minecraft:stone_bricks":1,"minecraft:kelp":15,"minecraft:wheat_seeds":3,"minecraft:cooked_chicken":10,"minecraft:flowering_azalea":3,"minecraft:oak_planks":66,"minecraft:gravel":33,"minecraft:sand":102,"minecraft:spruce_sapling":7,"minecraft:blast_furnace":4,"minecraft:white_bed":4,"minecraft:spruce_log":15,"minecraft:spider_eye":4,"minecraft:snort_pottery_sherd":1,"minecraft:angler_pottery_sherd":1,"minecraft:gray_wool":3,"minecraft:golden_apple":1,"minecraft:emerald":1,"minecraft:oak_sapling":21,"minecraft:coal":48,"minecraft:dark_oak_fence":2,"minecraft:bricks":9},"minecraft:used":{"minecraft:azalea":12,"minecraft:beetroot":4,"minecraft:white_tulip":2,"minecraft:stone_sword":141,"minecraft:flint_and_steel":30,"minecraft:stone_shovel":104,"minecraft:bone_block":1,"minecraft:chest":1,"minecraft:spruce_planks":55,"minecraft:shield":62,"minecraft:iron_sword":58,"minecraft:cooked_salmon":12,"minecraft:cooked_chicken":6,"minecraft:torch":16,"minecraft:dirt":19,"minecraft:mutton":2,"minecraft:carrot":24,"minecraft:flowering_azalea":3,"minecraft:bricks":1,"alexsmobs:lobster_tail":1,"minecraft:iron_axe":137,"minecraft:stone_bricks":1,"minecraft:beef":2,"minecraft:oak_sapling":16,"minecraft:furnace":8,"minecraft:cooked_cod":1,"minecraft:egg":5,"minecraft:potato":11,"minecraft:cooked_beef":6,"minecraft:iron_leggings":1,"minecraft:calcite":1,"minecraft:cooked_mutton":6,"minecraft:diorite":1,"minecraft:red_nether_bricks":3,"minecraft:stone_pickaxe":166,"minecraft:baked_potato":19,"minecraft:oak_planks":740,"minecraft:wooden_pickaxe":10,"minecraft:sugar_cane":8,"minecraft:salmon":2,"minecraft:cookie":36,"minecraft:stripped_mangrove_wood":1,"minecraft:crafting_table":13,"minecraft:blast_furnace":2,"minecraft:white_bed":5,"minecraft:cod":5,"minecraft:black_bed":3,"minecraft:oak_log":5,"minecraft:apple":9,"minecraft:oxeye_daisy":1,"minecraft:bread":9,"minecraft:iron_pickaxe":95,"minecraft:spruce_sapling":7,"minecraft:gravel":33,"minecraft:stone_axe":37,"minecraft:cobblestone":17,"travelersbackpack:standard":1,"minecraft:porkchop":4,"minecraft:yellow_bed":3,"minecraft:pumpkin_pie":4,"minecraft:oak_boat":7,"alexsmobs:animal_dictionary":1,"minecraft:gray_wool":1},"minecraft:killed":{"alexsmobs:hummingbird":1,"alexsmobs:lobster":1,"minecraft:cave_spider":2,"minecraft:spider":4,"minecraft:skeleton":11,"minecraft:chicken":6,"minecraft:llama":3,"minecraft:husk":2,"alexsmobs:grizzly_bear":2,"minecraft:salmon":5,"alexsmobs:seal":2,"minecraft:creeper":1,"minecraft:sheep":1,"minecraft:pillager":4,"minecraft:zombie":3,"minecraft:cow":3},"minecraft:broken":{"minecraft:stone_sword":1,"minecraft:stone_pickaxe":1,"minecraft:iron_axe":1},"minecraft:mined":{"minecraft:spruce_planks":1,"minecraft:white_bed":4,"minecraft:oak_sapling":3,"minecraft:red_nether_bricks":3,"gravestone:gravestone":1,"minecraft:dark_oak_fence":2,"minecraft:acacia_log":6,"minecraft:grass_block":19,"minecraft:decorated_pot":1,"minecraft:spruce_leaves":3,"minecraft:large_fern":1,"minecraft:hay_block":2,"minecraft:spruce_sapling":1,"minecraft:furnace":6,"supplementaries:sign_post":1,"minecraft:iron_ore":91,"minecraft:fire":23,"amendments:wall_lantern":1,"minecraft:small_amethyst_bud":1,"minecraft:iron_bars":1,"minecraft:stone":96,"minecraft:stripped_mangrove_wood":1,"minecraft:bone_block":1,"minecraft:dandelion":1,"minecraft:crafting_table":12,"minecraft:cornflower":2,"minecraft:torch":4,"minecraft:blast_furnace":4,"minecraft:emerald_ore":1,"minecraft:calcite":4,"minecraft:campfire":1,"minecraft:tall_grass":1,"minecraft:cobblestone":2,"minecraft:sugar_cane":5,"minecraft:oak_planks":64,"minecraft:bricks":9,"minecraft:diorite":1,"minecraft:wall_torch":1,"minecraft:black_bed":3,"minecraft:yellow_bed":2,"minecraft:grass":16,"minecraft:oak_log":28,"minecraft:coal_ore":48,"minecraft:gravel":35,"minecraft:sand":104,"minecraft:dirt":5,"minecraft:cobweb":6,"minecraft:acacia_planks":1,"minecraft:oak_leaves":24},"minecraft:crafted":{"minecraft:oak_planks":824,"minecraft:stone_shovel":1,"minecraft:furnace":3,"minecraft:flint_and_steel":1,"minecraft:glass":59,"minecraft:iron_boots":1,"minecraft:iron_axe":2,"travelersbackpack:gray_sleeping_bag":1,"minecraft:stone_pickaxe":2,"minecraft:chest":2,"minecraft:cooked_beef":7,"minecraft:cooked_cod":21,"minecraft:crafting_table":2,"minecraft:spruce_planks":60,"minecraft:iron_helmet":1,"travelersbackpack:backpack_tank":2,"minecraft:wooden_pickaxe":1,"travelersbackpack:standard":1,"minecraft:iron_sword":1,"minecraft:cooked_salmon":18,"minecraft:stone_axe":1,"minecraft:air":0,"minecraft:oak_boat":2,"minecraft:iron_chestplate":1,"minecraft:shield":2,"minecraft:stick":32,"minecraft:iron_ingot":83,"minecraft:iron_pickaxe":1,"minecraft:stone_sword":1,"minecraft:iron_leggings":1,"minecraft:white_bed":1,"minecraft:torch":44,"minecraft:shears":1}},"DataVersion":3465}