{"stats":{"minecraft:crafted":{"minecraft:oak_planks":696,"minecraft:stone_shovel":1,"minecraft:furnace":3,"minecraft:flint_and_steel":1,"minecraft:glass":59,"minecraft:iron_boots":1,"minecraft:iron_axe":1,"minecraft:stone_pickaxe":2,"minecraft:chest":1,"minecraft:cooked_beef":7,"minecraft:cooked_cod":21,"minecraft:crafting_table":1,"travelersbackpack:backpack_tank":2,"minecraft:wooden_pickaxe":1,"minecraft:iron_helmet":1,"minecraft:cooked_salmon":18,"minecraft:stone_axe":1,"minecraft:air":0,"minecraft:oak_boat":2,"minecraft:iron_chestplate":1,"minecraft:shield":1,"minecraft:stick":28,"minecraft:iron_ingot":83,"minecraft:iron_pickaxe":1,"minecraft:stone_sword":1,"minecraft:iron_leggings":1,"minecraft:white_bed":1,"minecraft:torch":44,"minecraft:shears":1},"minecraft:picked_up":{"minecraft:charcoal":2,"minecraft:shelter_pottery_sherd":1,"minecraft:crafting_table":8,"minecraft:potion":1,"minecraft:cornflower":1,"minecraft:string":2,"minecraft:beetroot":4,"minecraft:white_tulip":2,"minecraft:oak_boat":4,"minecraft:calcite":1,"minecraft:azalea":12,"minecraft:light_gray_wool":2,"minecraft:sugar_cane":9,"minecraft:egg":5,"minecraft:furnace":6,"minecraft:raw_iron":91,"minecraft:stick":22,"minecraft:sheaf_pottery_sherd":1,"minecraft:torch":7,"minecraft:acacia_log":6,"minecraft:spruce_fence":1,"minecraft:porkchop":3,"supplementaries:sign_post_oak":1,"alexsmobs:lobster_tail":1,"minecraft:iron_bars":1,"minecraft:bone_block":1,"minecraft:white_wool":12,"minecraft:cobblestone":100,"minecraft:feather":10,"minecraft:cooked_beef":5,"minecraft:salmon":6,"minecraft:black_bed":3,"minecraft:leather":9,"alexsmobs:bear_fur":1,"minecraft:flint":1,"minecraft:oak_log":151,"minecraft:lantern":1,"minecraft:dirt":33,"minecraft:cooked_mutton":5,"minecraft:bone":1,"minecraft:acacia_planks":1,"minecraft:apple":4,"minecraft:stone_bricks":1,"minecraft:kelp":15,"minecraft:wheat_seeds":3,"minecraft:cooked_chicken":10,"minecraft:flowering_azalea":3,"minecraft:oak_planks":34,"minecraft:gravel":33,"minecraft:sand":102,"minecraft:blast_furnace":3,"minecraft:white_bed":4,"minecraft:spider_eye":3,"minecraft:snort_pottery_sherd":1,"minecraft:angler_pottery_sherd":1,"minecraft:gray_wool":3,"minecraft:emerald":1,"minecraft:oak_sapling":21,"minecraft:bricks":1,"minecraft:coal":48},"minecraft:broken":{"minecraft:stone_pickaxe":1},"minecraft:mined":{"minecraft:white_bed":4,"minecraft:oak_sapling":3,"minecraft:acacia_log":6,"minecraft:grass_block":19,"minecraft:decorated_pot":1,"minecraft:furnace":6,"supplementaries:sign_post":1,"minecraft:iron_ore":91,"minecraft:fire":23,"amendments:wall_lantern":1,"minecraft:small_amethyst_bud":1,"minecraft:iron_bars":1,"minecraft:stone":96,"minecraft:bone_block":1,"minecraft:dandelion":1,"minecraft:crafting_table":8,"minecraft:cornflower":2,"minecraft:torch":3,"minecraft:blast_furnace":3,"minecraft:emerald_ore":1,"minecraft:calcite":1,"minecraft:campfire":1,"minecraft:tall_grass":1,"minecraft:cobblestone":2,"minecraft:sugar_cane":5,"minecraft:oak_planks":34,"minecraft:bricks":1,"minecraft:wall_torch":1,"minecraft:black_bed":3,"minecraft:grass":13,"minecraft:oak_log":28,"minecraft:coal_ore":48,"minecraft:sand":104,"minecraft:dirt":5,"minecraft:gravel":35,"minecraft:acacia_planks":1,"minecraft:oak_leaves":24},"minecraft:custom":{"minecraft:mob_kills":35,"minecraft:interact_with_crafting_table":26,"minecraft:open_barrel":70,"minecraft:leave_game":1,"minecraft:time_since_death":182103,"minecraft:climb_one_cm":14020,"minecraft:sprint_one_cm":569326,"minecraft:walk_one_cm":341424,"minecraft:damage_blocked_by_shield":1245,"minecraft:drop":34,"minecraft:play_noteblock":1,"minecraft:talked_to_villager":5,"minecraft:play_time":182103,"minecraft:sneak_time":12011,"minecraft:walk_under_water_one_cm":19806,"minecraft:boat_one_cm":426880,"minecraft:jump":4581,"minecraft:interact_with_blast_furnace":33,"minecraft:walk_on_water_one_cm":24145,"minecraft:total_world_time":182103,"minecraft:interact_with_furnace":76,"minecraft:tune_noteblock":23,"minecraft:sleep_in_bed":8,"minecraft:time_since_rest":18599,"minecraft:damage_taken":1816,"minecraft:damage_dealt":4926,"minecraft:swim_one_cm":87062,"minecraft:fly_one_cm":986166,"minecraft:open_chest":56,"minecraft:crouch_one_cm":42019,"minecraft:fall_one_cm":148774},"minecraft:killed":{"alexsmobs:lobster":1,"alexsmobs:hummingbird":1,"minecraft:spider":3,"minecraft:skeleton":1,"minecraft:chicken":6,"minecraft:llama":3,"alexsmobs:grizzly_bear":2,"minecraft:salmon":5,"alexsmobs:seal":2,"minecraft:sheep":1,"minecraft:cow":3},"minecraft:used":{"minecraft:azalea":12,"minecraft:beetroot":4,"minecraft:stone_sword":99,"minecraft:white_tulip":2,"minecraft:flint_and_steel":30,"minecraft:stone_shovel":104,"minecraft:bone_block":1,"minecraft:chest":1,"minecraft:spruce_planks":17,"minecraft:shield":30,"minecraft:cooked_salmon":7,"minecraft:cooked_chicken":6,"minecraft:torch":6,"minecraft:dirt":17,"minecraft:mutton":2,"minecraft:flowering_azalea":3,"minecraft:bricks":1,"alexsmobs:lobster_tail":1,"minecraft:iron_axe":69,"minecraft:stone_bricks":1,"minecraft:beef":2,"minecraft:furnace":8,"minecraft:oak_sapling":16,"minecraft:cooked_cod":1,"minecraft:egg":5,"minecraft:cooked_beef":6,"minecraft:potato":11,"minecraft:iron_leggings":1,"minecraft:calcite":1,"minecraft:cooked_mutton":5,"minecraft:stone_pickaxe":166,"minecraft:baked_potato":6,"minecraft:oak_planks":586,"minecraft:wooden_pickaxe":10,"minecraft:sugar_cane":8,"minecraft:crafting_table":9,"minecraft:blast_furnace":2,"minecraft:white_bed":5,"minecraft:cod":4,"minecraft:black_bed":2,"minecraft:oak_log":5,"minecraft:apple":4,"minecraft:bread":9,"minecraft:iron_pickaxe":79,"minecraft:gravel":33,"minecraft:stone_axe":37,"minecraft:cobblestone":17,"minecraft:porkchop":4,"alexsmobs:animal_dictionary":1,"minecraft:oak_boat":6},"minecraft:dropped":{"minecraft:porkchop":1,"minecraft:wheat_seeds":1,"minecraft:oak_log":2,"minecraft:dirt":9,"minecraft:cornflower":1,"minecraft:string":2,"minecraft:kelp":15,"minecraft:cooked_chicken":4,"alexsmobs:animal_dictionary":1,"minecraft:stone_shovel":1,"aether:leather_gloves":1,"minecraft:oak_sapling":5,"minecraft:spider_eye":3,"minecraft:stone_pickaxe":1,"minecraft:wooden_pickaxe":1}},"DataVersion":3465}