{"stats":{"minecraft:custom":{"minecraft:mob_kills":103,"minecraft:interact_with_crafting_table":43,"minecraft:open_barrel":118,"minecraft:bell_ring":9,"minecraft:eat_cake_slice":1,"minecraft:leave_game":3,"minecraft:time_since_death":30917,"minecraft:climb_one_cm":21730,"minecraft:sprint_one_cm":975477,"minecraft:walk_one_cm":881714,"minecraft:damage_blocked_by_shield":5130,"minecraft:drop":79,"minecraft:play_noteblock":1,"minecraft:talked_to_villager":13,"minecraft:play_time":375201,"minecraft:deaths":7,"minecraft:sneak_time":26434,"minecraft:walk_under_water_one_cm":36551,"minecraft:boat_one_cm":843237,"minecraft:jump":7931,"minecraft:interact_with_blast_furnace":34,"minecraft:walk_on_water_one_cm":72878,"minecraft:total_world_time":375201,"minecraft:interact_with_furnace":76,"minecraft:tune_noteblock":25,"minecraft:sleep_in_bed":16,"minecraft:time_since_rest":11219,"minecraft:damage_taken":11192,"minecraft:damage_dealt":25002,"minecraft:swim_one_cm":104333,"minecraft:fly_one_cm":1516670,"minecraft:open_chest":117,"minecraft:crouch_one_cm":83057,"minecraft:fall_one_cm":213783},"minecraft:picked_up":{"minecraft:charcoal":2,"minecraft:shelter_pottery_sherd":1,"minecraft:crafting_table":14,"minecraft:black_carpet":5,"minecraft:magenta_carpet":7,"minecraft:diamond_sword":1,"minecraft:potion":1,"gravestone:obituary":8,"minecraft:cornflower":1,"minecraft:string":27,"minecraft:iron_axe":1,"aether:diamond_gloves":1,"minecraft:red_nether_bricks":3,"minecraft:beetroot":4,"minecraft:bucket":1,"minecraft:spruce_planks":37,"minecraft:white_tulip":2,"minecraft:oak_boat":6,"minecraft:calcite":3,"minecraft:azalea":12,"minecraft:poppy":1,"minecraft:light_gray_wool":2,"minecraft:melon_slice":68,"minecraft:sugar_cane":9,"minecraft:furnace":6,"minecraft:egg":5,"minecraft:stick":39,"minecraft:raw_iron":91,"minecraft:sheaf_pottery_sherd":1,"minecraft:stripped_mangrove_wood":1,"minecraft:torch":13,"minecraft:acacia_log":6,"minecraft:spruce_stairs":1,"minecraft:spruce_fence":1,"minecraft:porkchop":3,"minecraft:diorite":1,"minecraft:carrot":1,"minecraft:purple_terracotta":13,"minecraft:dark_oak_planks":2,"supplementaries:sign_post_oak":1,"minecraft:arrow":16,"minecraft:rotten_flesh":14,"aether:chainmail_gloves":2,"minecraft:hay_block":33,"minecraft:cyan_terracotta":2,"minecraft:glistering_melon_slice":8,"minecraft:gold_ingot":1,"minecraft:totem_of_undying":2,"supplementaries:quiver":1,"minecraft:iron_bars":1,"minecraft:bone_block":1,"minecraft:white_wool":12,"alexsmobs:lobster_tail":1,"minecraft:cobblestone":107,"minecraft:oxeye_daisy":1,"minecraft:feather":10,"minecraft:cooked_beef":7,"minecraft:salmon":6,"minecraft:black_bed":3,"minecraft:leather":10,"alexsmobs:bear_fur":1,"minecraft:flint":1,"minecraft:oak_log":151,"minecraft:yellow_bed":5,"minecraft:gunpowder":2,"minecraft:acacia_boat":1,"minecraft:magenta_terracotta":9,"minecraft:dirt":35,"minecraft:lantern":1,"minecraft:purple_carpet":17,"minecraft:cooked_mutton":6,"minecraft:bone":14,"minecraft:acacia_planks":1,"minecraft:apple":4,"minecraft:stone_bricks":18,"minecraft:kelp":15,"minecraft:wheat_seeds":3,"minecraft:cooked_chicken":10,"minecraft:oak_planks":92,"minecraft:flowering_azalea":3,"minecraft:book":45,"minecraft:red_wool":4,"minecraft:gravel":33,"minecraft:sand":102,"minecraft:spruce_sapling":17,"minecraft:ink_sac":6,"minecraft:blast_furnace":4,"minecraft:white_bed":4,"minecraft:spruce_log":55,"minecraft:spider_eye":7,"travelersbackpack:standard":2,"minecraft:polished_andesite":2,"minecraft:snort_pottery_sherd":1,"minecraft:angler_pottery_sherd":1,"minecraft:golden_apple":1,"minecraft:gray_wool":3,"minecraft:emerald":4,"minecraft:bread":32,"minecraft:oak_sapling":21,"minecraft:dark_oak_fence":2,"minecraft:bricks":30,"minecraft:coal":48},"minecraft:dropped":{"minecraft:iron_ingot":19,"minecraft:porkchop":1,"minecraft:wheat_seeds":1,"minecraft:oak_log":2,"minecraft:coal":1,"minecraft:dirt":9,"minecraft:ink_sac":6,"minecraft:cornflower":1,"minecraft:cooked_cod":5,"minecraft:diamond_helmet":1,"gravestone:obituary":8,"minecraft:glistering_melon_slice":8,"minecraft:string":3,"minecraft:spruce_sapling":7,"minecraft:kelp":15,"minecraft:cooked_chicken":4,"alexsmobs:animal_dictionary":1,"minecraft:stone_shovel":1,"minecraft:rotten_flesh":14,"aether:leather_gloves":1,"minecraft:iron_boots":2,"minecraft:totem_of_undying":1,"supplementaries:quiver":1,"minecraft:hay_block":2,"aether:chainmail_gloves":1,"aether:diamond_gloves":1,"minecraft:iron_chestplate":1,"minecraft:oak_sapling":5,"minecraft:spider_eye":3,"minecraft:arrow":11,"minecraft:stone_pickaxe":1,"minecraft:wooden_pickaxe":1},"minecraft:used":{"minecraft:azalea":12,"minecraft:beetroot":4,"minecraft:white_tulip":2,"minecraft:stone_sword":141,"minecraft:flint_and_steel":65,"minecraft:stone_shovel":104,"minecraft:poppy":1,"minecraft:bone_block":1,"minecraft:black_carpet":4,"minecraft:chest":1,"minecraft:spruce_planks":193,"minecraft:shield":85,"minecraft:iron_sword":131,"minecraft:cooked_salmon":12,"minecraft:cooked_chicken":6,"minecraft:torch":116,"minecraft:dirt":19,"minecraft:mutton":2,"minecraft:carrot":56,"minecraft:dark_oak_planks":2,"minecraft:flowering_azalea":3,"minecraft:cyan_terracotta":2,"minecraft:bricks":11,"alexsmobs:lobster_tail":1,"minecraft:iron_axe":230,"minecraft:stone_bricks":6,"minecraft:beef":2,"minecraft:magenta_terracotta":9,"minecraft:oak_sapling":16,"minecraft:furnace":8,"minecraft:cooked_cod":1,"minecraft:egg":5,"minecraft:potato":11,"minecraft:cooked_beef":12,"minecraft:iron_leggings":1,"minecraft:calcite":3,"minecraft:cooked_mutton":6,"minecraft:acacia_boat":1,"minecraft:diorite":1,"minecraft:baked_potato":21,"minecraft:stone_pickaxe":166,"minecraft:polished_andesite":2,"minecraft:oak_planks":810,"minecraft:red_nether_bricks":3,"minecraft:sugar_cane":8,"minecraft:wooden_pickaxe":10,"minecraft:cookie":36,"minecraft:stripped_mangrove_wood":1,"minecraft:salmon":2,"minecraft:crafting_table":15,"minecraft:blast_furnace":2,"minecraft:white_bed":5,"minecraft:cod":5,"minecraft:purple_terracotta":9,"minecraft:black_bed":3,"minecraft:spruce_log":1,"minecraft:oak_log":5,"minecraft:apple":45,"minecraft:oxeye_daisy":1,"minecraft:melon_slice":68,"minecraft:bread":43,"minecraft:iron_pickaxe":162,"minecraft:gravel":33,"minecraft:spruce_sapling":10,"minecraft:stone_axe":37,"minecraft:diamond_sword":124,"travelersbackpack:standard":4,"minecraft:cobblestone":17,"minecraft:porkchop":4,"minecraft:oak_boat":7,"alexsmobs:animal_dictionary":1,"minecraft:pumpkin_pie":5,"minecraft:yellow_bed":4,"minecraft:gray_wool":1,"minecraft:purple_carpet":7,"minecraft:experience_bottle":3},"minecraft:killed":{"minecraft:cave_spider":5,"alexsmobs:lobster":1,"minecraft:evoker":1,"alexsmobs:hummingbird":1,"minecraft:vex":14,"minecraft:spider":5,"minecraft:vindicator":11,"minecraft:skeleton":15,"minecraft:chicken":6,"minecraft:llama":3,"minecraft:illusioner":1,"minecraft:husk":2,"alexsmobs:grizzly_bear":2,"minecraft:salmon":5,"alexsmobs:seal":2,"minecraft:creeper":2,"minecraft:sheep":1,"minecraft:pillager":7,"minecraft:zombie":8,"minecraft:cow":4},"minecraft:killed_by":{"minecraft:vex":1},"minecraft:broken":{"minecraft:stone_sword":1,"minecraft:stone_pickaxe":1,"minecraft:shield":1,"minecraft:iron_axe":2},"minecraft:mined":{"minecraft:dark_oak_planks":2,"minecraft:white_bed":4,"minecraft:spruce_planks":37,"minecraft:oak_sapling":3,"minecraft:red_nether_bricks":3,"gravestone:gravestone":7,"minecraft:dark_oak_fence":2,"minecraft:acacia_log":6,"minecraft:purple_terracotta":13,"minecraft:grass_block":19,"minecraft:decorated_pot":1,"minecraft:spruce_leaves":20,"minecraft:large_fern":1,"minecraft:hay_block":32,"minecraft:spruce_sapling":2,"minecraft:furnace":6,"supplementaries:sign_post":1,"minecraft:iron_ore":91,"minecraft:fire":55,"amendments:wall_lantern":1,"minecraft:small_amethyst_bud":1,"minecraft:iron_bars":1,"minecraft:light_gray_concrete":2,"minecraft:stripped_mangrove_wood":1,"minecraft:stone":96,"minecraft:bone_block":1,"minecraft:red_wool":4,"minecraft:dandelion":1,"minecraft:cornflower":2,"minecraft:torch":5,"minecraft:crafting_table":14,"minecraft:emerald_ore":1,"minecraft:blast_furnace":4,"minecraft:calcite":4,"minecraft:melon":14,"minecraft:campfire":1,"minecraft:tall_grass":1,"minecraft:cobblestone":9,"minecraft:oak_planks":88,"minecraft:sugar_cane":5,"minecraft:bricks":30,"minecraft:diorite":1,"minecraft:wall_torch":2,"minecraft:magenta_terracotta":7,"minecraft:spruce_log":5,"minecraft:black_bed":3,"minecraft:yellow_bed":4,"minecraft:grass":16,"minecraft:coal_ore":48,"minecraft:oak_log":28,"minecraft:gravel":35,"minecraft:dirt":5,"minecraft:sand":104,"minecraft:cobweb":12,"minecraft:acacia_planks":1,"minecraft:stone_bricks":15,"minecraft:polished_andesite":2,"minecraft:oak_leaves":24,"minecraft:fern":1},"minecraft:crafted":{"minecraft:oak_planks":824,"minecraft:stone_shovel":1,"minecraft:furnace":3,"minecraft:flint_and_steel":1,"minecraft:glass":59,"minecraft:iron_boots":3,"minecraft:iron_axe":2,"travelersbackpack:gray_sleeping_bag":1,"minecraft:stone_pickaxe":2,"minecraft:chest":2,"minecraft:cooked_beef":7,"minecraft:cooked_cod":21,"minecraft:crafting_table":2,"minecraft:spruce_planks":216,"minecraft:iron_helmet":1,"travelersbackpack:backpack_tank":2,"travelersbackpack:standard":1,"minecraft:wooden_pickaxe":1,"minecraft:iron_sword":1,"minecraft:cooked_salmon":18,"minecraft:stone_axe":1,"minecraft:air":0,"minecraft:oak_boat":2,"minecraft:iron_chestplate":1,"minecraft:shield":3,"minecraft:stick":32,"minecraft:iron_ingot":83,"minecraft:iron_pickaxe":1,"minecraft:stone_sword":1,"minecraft:iron_leggings":1,"minecraft:white_bed":1,"minecraft:torch":140,"minecraft:shears":1}},"DataVersion":3465}