{"stats":{"minecraft:custom":{"minecraft:mob_kills":82,"minecraft:interact_with_crafting_table":43,"minecraft:open_barrel":100,"minecraft:bell_ring":1,"minecraft:eat_cake_slice":1,"minecraft:leave_game":2,"minecraft:time_since_death":2651,"minecraft:climb_one_cm":21422,"minecraft:sprint_one_cm":821524,"minecraft:walk_one_cm":759361,"minecraft:damage_blocked_by_shield":4620,"minecraft:drop":59,"minecraft:play_noteblock":1,"minecraft:talked_to_villager":5,"minecraft:play_time":327430,"minecraft:deaths":5,"minecraft:sneak_time":23805,"minecraft:walk_under_water_one_cm":34868,"minecraft:boat_one_cm":567747,"minecraft:jump":6887,"minecraft:interact_with_blast_furnace":34,"minecraft:walk_on_water_one_cm":63676,"minecraft:total_world_time":327430,"minecraft:interact_with_furnace":76,"minecraft:tune_noteblock":25,"minecraft:sleep_in_bed":14,"minecraft:time_since_rest":2793,"minecraft:damage_taken":9424,"minecraft:damage_dealt":20801,"minecraft:swim_one_cm":97133,"minecraft:fly_one_cm":1274027,"minecraft:open_chest":105,"minecraft:crouch_one_cm":73953,"minecraft:fall_one_cm":188937},"minecraft:picked_up":{"minecraft:charcoal":2,"minecraft:shelter_pottery_sherd":1,"minecraft:crafting_table":14,"minecraft:black_carpet":5,"minecraft:magenta_carpet":7,"minecraft:diamond_sword":1,"minecraft:potion":1,"gravestone:obituary":7,"minecraft:cornflower":1,"minecraft:iron_axe":1,"minecraft:string":25,"minecraft:red_nether_bricks":3,"minecraft:beetroot":4,"minecraft:bucket":1,"minecraft:spruce_planks":31,"minecraft:white_tulip":2,"minecraft:oak_boat":6,"minecraft:calcite":3,"minecraft:azalea":12,"minecraft:light_gray_wool":2,"minecraft:melon_slice":68,"minecraft:sugar_cane":9,"minecraft:furnace":6,"minecraft:egg":5,"minecraft:stick":28,"minecraft:raw_iron":91,"minecraft:sheaf_pottery_sherd":1,"minecraft:stripped_mangrove_wood":1,"minecraft:torch":13,"minecraft:acacia_log":6,"minecraft:spruce_stairs":1,"minecraft:spruce_fence":1,"minecraft:porkchop":3,"minecraft:diorite":1,"minecraft:purple_terracotta":13,"minecraft:dark_oak_planks":2,"supplementaries:sign_post_oak":1,"minecraft:arrow":13,"minecraft:rotten_flesh":7,"aether:chainmail_gloves":2,"minecraft:hay_block":2,"minecraft:cyan_terracotta":2,"supplementaries:quiver":1,"minecraft:gold_ingot":1,"minecraft:iron_bars":1,"minecraft:bone_block":1,"alexsmobs:lobster_tail":1,"minecraft:white_wool":12,"minecraft:cobblestone":100,"minecraft:oxeye_daisy":1,"minecraft:feather":10,"minecraft:cooked_beef":5,"minecraft:salmon":6,"minecraft:black_bed":3,"minecraft:leather":9,"alexsmobs:bear_fur":1,"minecraft:flint":1,"minecraft:oak_log":151,"minecraft:magenta_terracotta":7,"minecraft:gunpowder":2,"minecraft:yellow_bed":3,"minecraft:acacia_boat":1,"minecraft:lantern":1,"minecraft:dirt":35,"minecraft:purple_carpet":17,"minecraft:cooked_mutton":6,"minecraft:bone":13,"minecraft:acacia_planks":1,"minecraft:apple":4,"minecraft:stone_bricks":18,"minecraft:kelp":15,"minecraft:wheat_seeds":3,"minecraft:cooked_chicken":10,"minecraft:flowering_azalea":3,"minecraft:oak_planks":81,"minecraft:book":45,"minecraft:gravel":33,"minecraft:sand":102,"minecraft:spruce_sapling":7,"minecraft:blast_furnace":4,"minecraft:white_bed":4,"minecraft:spruce_log":21,"minecraft:spider_eye":7,"travelersbackpack:standard":2,"minecraft:snort_pottery_sherd":1,"minecraft:angler_pottery_sherd":1,"minecraft:bread":32,"minecraft:gray_wool":3,"minecraft:golden_apple":1,"minecraft:emerald":4,"minecraft:oak_sapling":21,"minecraft:coal":48,"minecraft:dark_oak_fence":2,"minecraft:bricks":30},"minecraft:dropped":{"minecraft:iron_ingot":4,"minecraft:porkchop":1,"minecraft:wheat_seeds":1,"minecraft:oak_log":2,"minecraft:coal":1,"minecraft:dirt":9,"minecraft:cornflower":1,"minecraft:diamond_helmet":1,"gravestone:obituary":6,"minecraft:string":3,"minecraft:kelp":15,"minecraft:cooked_chicken":4,"alexsmobs:animal_dictionary":1,"minecraft:stone_shovel":1,"minecraft:iron_boots":2,"minecraft:rotten_flesh":7,"aether:leather_gloves":1,"supplementaries:quiver":1,"minecraft:hay_block":2,"aether:chainmail_gloves":1,"minecraft:oak_sapling":5,"minecraft:spider_eye":3,"minecraft:arrow":11,"minecraft:wooden_pickaxe":1,"minecraft:stone_pickaxe":1},"minecraft:used":{"minecraft:azalea":12,"minecraft:beetroot":4,"minecraft:white_tulip":2,"minecraft:stone_sword":141,"minecraft:flint_and_steel":60,"minecraft:stone_shovel":104,"minecraft:bone_block":1,"minecraft:black_carpet":4,"minecraft:chest":1,"minecraft:spruce_planks":114,"minecraft:shield":81,"minecraft:iron_sword":130,"minecraft:cooked_salmon":12,"minecraft:cooked_chicken":6,"minecraft:torch":83,"minecraft:dirt":19,"minecraft:mutton":2,"minecraft:carrot":55,"minecraft:dark_oak_planks":2,"minecraft:flowering_azalea":3,"minecraft:bricks":1,"alexsmobs:lobster_tail":1,"minecraft:iron_axe":200,"minecraft:stone_bricks":6,"minecraft:beef":2,"minecraft:magenta_terracotta":7,"minecraft:oak_sapling":16,"minecraft:furnace":8,"minecraft:cooked_cod":1,"minecraft:egg":5,"minecraft:potato":11,"minecraft:cooked_beef":6,"minecraft:iron_leggings":1,"minecraft:calcite":3,"minecraft:cooked_mutton":6,"minecraft:diorite":1,"minecraft:red_nether_bricks":3,"minecraft:stone_pickaxe":166,"minecraft:baked_potato":21,"minecraft:oak_planks":781,"minecraft:wooden_pickaxe":10,"minecraft:sugar_cane":8,"minecraft:salmon":2,"minecraft:cookie":36,"minecraft:stripped_mangrove_wood":1,"minecraft:crafting_table":15,"minecraft:blast_furnace":2,"minecraft:white_bed":5,"minecraft:purple_terracotta":9,"minecraft:cod":5,"minecraft:black_bed":3,"minecraft:spruce_log":1,"minecraft:oak_log":5,"minecraft:apple":10,"minecraft:oxeye_daisy":1,"minecraft:melon_slice":68,"minecraft:bread":39,"minecraft:iron_pickaxe":153,"minecraft:spruce_sapling":7,"minecraft:gravel":33,"minecraft:stone_axe":37,"minecraft:diamond_sword":65,"minecraft:cobblestone":17,"travelersbackpack:standard":4,"minecraft:porkchop":4,"minecraft:yellow_bed":3,"minecraft:pumpkin_pie":5,"minecraft:oak_boat":7,"alexsmobs:animal_dictionary":1,"minecraft:purple_carpet":7,"minecraft:gray_wool":1,"minecraft:experience_bottle":3},"minecraft:killed":{"minecraft:vex":6,"alexsmobs:hummingbird":1,"alexsmobs:lobster":1,"minecraft:cave_spider":5,"minecraft:vindicator":8,"minecraft:spider":5,"minecraft:skeleton":13,"minecraft:chicken":6,"minecraft:llama":3,"minecraft:illusioner":1,"minecraft:husk":2,"alexsmobs:grizzly_bear":2,"minecraft:salmon":5,"alexsmobs:seal":2,"minecraft:creeper":2,"minecraft:sheep":1,"minecraft:pillager":6,"minecraft:zombie":3,"minecraft:cow":3},"minecraft:killed_by":{"minecraft:vex":1},"minecraft:broken":{"minecraft:stone_sword":1,"minecraft:stone_pickaxe":1,"minecraft:shield":1,"minecraft:iron_axe":1},"minecraft:mined":{"minecraft:dark_oak_planks":2,"minecraft:spruce_planks":30,"minecraft:white_bed":4,"minecraft:oak_sapling":3,"minecraft:red_nether_bricks":3,"gravestone:gravestone":5,"minecraft:dark_oak_fence":2,"minecraft:purple_terracotta":13,"minecraft:acacia_log":6,"minecraft:grass_block":19,"minecraft:decorated_pot":1,"minecraft:spruce_leaves":3,"minecraft:large_fern":1,"minecraft:hay_block":2,"minecraft:spruce_sapling":1,"minecraft:furnace":6,"supplementaries:sign_post":1,"minecraft:iron_ore":91,"minecraft:fire":51,"amendments:wall_lantern":1,"minecraft:small_amethyst_bud":1,"minecraft:iron_bars":1,"minecraft:light_gray_concrete":2,"minecraft:stone":96,"minecraft:stripped_mangrove_wood":1,"minecraft:bone_block":1,"minecraft:dandelion":1,"minecraft:crafting_table":14,"minecraft:cornflower":2,"minecraft:torch":5,"minecraft:blast_furnace":4,"minecraft:emerald_ore":1,"minecraft:calcite":4,"minecraft:melon":14,"minecraft:campfire":1,"minecraft:tall_grass":1,"minecraft:cobblestone":2,"minecraft:sugar_cane":5,"minecraft:oak_planks":77,"minecraft:bricks":30,"minecraft:diorite":1,"minecraft:wall_torch":2,"minecraft:magenta_terracotta":7,"minecraft:spruce_log":5,"minecraft:black_bed":3,"minecraft:yellow_bed":2,"minecraft:grass":16,"minecraft:oak_log":28,"minecraft:coal_ore":48,"minecraft:gravel":35,"minecraft:sand":104,"minecraft:dirt":5,"minecraft:cobweb":12,"minecraft:acacia_planks":1,"minecraft:stone_bricks":15,"minecraft:oak_leaves":24},"minecraft:crafted":{"minecraft:oak_planks":824,"minecraft:stone_shovel":1,"minecraft:furnace":3,"minecraft:flint_and_steel":1,"minecraft:glass":59,"minecraft:iron_boots":3,"minecraft:iron_axe":2,"travelersbackpack:gray_sleeping_bag":1,"minecraft:stone_pickaxe":2,"minecraft:chest":2,"minecraft:cooked_beef":7,"minecraft:cooked_cod":21,"minecraft:crafting_table":2,"minecraft:spruce_planks":80,"minecraft:iron_helmet":1,"travelersbackpack:backpack_tank":2,"minecraft:wooden_pickaxe":1,"travelersbackpack:standard":1,"minecraft:iron_sword":1,"minecraft:cooked_salmon":18,"minecraft:stone_axe":1,"minecraft:air":0,"minecraft:oak_boat":2,"minecraft:iron_chestplate":1,"minecraft:shield":3,"minecraft:stick":32,"minecraft:iron_ingot":83,"minecraft:iron_pickaxe":1,"minecraft:stone_sword":1,"minecraft:iron_leggings":1,"minecraft:white_bed":1,"minecraft:torch":88,"minecraft:shears":1}},"DataVersion":3465}