{"stats":{"minecraft:custom":{"minecraft:mob_kills":50,"minecraft:interact_with_crafting_table":39,"minecraft:open_barrel":78,"minecraft:bell_ring":1,"minecraft:leave_game":2,"minecraft:time_since_death":237430,"minecraft:climb_one_cm":16804,"minecraft:sprint_one_cm":682432,"minecraft:walk_one_cm":506929,"minecraft:damage_blocked_by_shield":2325,"minecraft:drop":42,"minecraft:play_noteblock":1,"minecraft:talked_to_villager":5,"minecraft:play_time":237430,"minecraft:sneak_time":15061,"minecraft:walk_under_water_one_cm":22207,"minecraft:boat_one_cm":567747,"minecraft:jump":5464,"minecraft:interact_with_blast_furnace":34,"minecraft:walk_on_water_one_cm":28977,"minecraft:total_world_time":237430,"minecraft:interact_with_furnace":76,"minecraft:tune_noteblock":23,"minecraft:sleep_in_bed":10,"minecraft:time_since_rest":12074,"minecraft:damage_taken":3281,"minecraft:damage_dealt":8308,"minecraft:swim_one_cm":93410,"minecraft:fly_one_cm":1133403,"minecraft:open_chest":71,"minecraft:crouch_one_cm":51871,"minecraft:fall_one_cm":164994},"minecraft:dropped":{"minecraft:porkchop":1,"minecraft:wheat_seeds":1,"minecraft:oak_log":2,"minecraft:coal":1,"minecraft:dirt":9,"minecraft:cornflower":1,"minecraft:string":2,"minecraft:kelp":15,"minecraft:cooked_chicken":4,"alexsmobs:animal_dictionary":1,"minecraft:stone_shovel":1,"minecraft:rotten_flesh":7,"aether:leather_gloves":1,"minecraft:hay_block":2,"minecraft:oak_sapling":5,"minecraft:spider_eye":3,"minecraft:wooden_pickaxe":1,"minecraft:stone_pickaxe":1},"minecraft:picked_up":{"minecraft:charcoal":2,"minecraft:shelter_pottery_sherd":1,"minecraft:crafting_table":12,"minecraft:potion":1,"minecraft:cornflower":1,"minecraft:string":2,"minecraft:red_nether_bricks":3,"minecraft:beetroot":4,"minecraft:spruce_planks":2,"minecraft:white_tulip":2,"minecraft:oak_boat":6,"minecraft:calcite":3,"minecraft:azalea":12,"minecraft:light_gray_wool":2,"minecraft:sugar_cane":9,"minecraft:furnace":6,"minecraft:egg":5,"minecraft:stick":22,"minecraft:raw_iron":91,"minecraft:sheaf_pottery_sherd":1,"minecraft:stripped_mangrove_wood":1,"minecraft:torch":8,"minecraft:acacia_log":6,"minecraft:spruce_fence":1,"minecraft:porkchop":3,"minecraft:diorite":1,"supplementaries:sign_post_oak":1,"minecraft:arrow":11,"minecraft:rotten_flesh":7,"minecraft:hay_block":2,"minecraft:gold_ingot":1,"minecraft:iron_bars":1,"minecraft:bone_block":1,"alexsmobs:lobster_tail":1,"minecraft:white_wool":12,"minecraft:cobblestone":100,"minecraft:oxeye_daisy":1,"minecraft:feather":10,"minecraft:cooked_beef":5,"minecraft:salmon":6,"minecraft:black_bed":3,"minecraft:leather":9,"alexsmobs:bear_fur":1,"minecraft:flint":1,"minecraft:oak_log":151,"minecraft:yellow_bed":1,"minecraft:acacia_boat":1,"minecraft:lantern":1,"minecraft:dirt":35,"minecraft:cooked_mutton":6,"minecraft:bone":12,"minecraft:acacia_planks":1,"minecraft:apple":4,"minecraft:stone_bricks":1,"minecraft:kelp":15,"minecraft:wheat_seeds":3,"minecraft:cooked_chicken":10,"minecraft:flowering_azalea":3,"minecraft:oak_planks":60,"minecraft:gravel":33,"minecraft:sand":102,"minecraft:blast_furnace":4,"minecraft:white_bed":4,"minecraft:spider_eye":3,"minecraft:snort_pottery_sherd":1,"minecraft:angler_pottery_sherd":1,"minecraft:gray_wool":3,"minecraft:golden_apple":1,"minecraft:emerald":1,"minecraft:oak_sapling":21,"minecraft:coal":48,"minecraft:dark_oak_fence":2,"minecraft:bricks":1},"minecraft:used":{"minecraft:azalea":12,"minecraft:beetroot":4,"minecraft:white_tulip":2,"minecraft:stone_sword":141,"minecraft:flint_and_steel":30,"minecraft:stone_shovel":104,"minecraft:bone_block":1,"minecraft:chest":1,"minecraft:spruce_planks":19,"minecraft:shield":42,"minecraft:iron_sword":22,"minecraft:cooked_salmon":8,"minecraft:cooked_chicken":6,"minecraft:torch":9,"minecraft:dirt":19,"minecraft:mutton":2,"minecraft:carrot":22,"minecraft:flowering_azalea":3,"minecraft:bricks":1,"alexsmobs:lobster_tail":1,"minecraft:iron_axe":114,"minecraft:stone_bricks":1,"minecraft:beef":2,"minecraft:oak_sapling":16,"minecraft:furnace":8,"minecraft:cooked_cod":1,"minecraft:egg":5,"minecraft:potato":11,"minecraft:cooked_beef":6,"minecraft:iron_leggings":1,"minecraft:calcite":1,"minecraft:cooked_mutton":6,"minecraft:diorite":1,"minecraft:red_nether_bricks":3,"minecraft:stone_pickaxe":166,"minecraft:baked_potato":12,"minecraft:oak_planks":718,"minecraft:wooden_pickaxe":10,"minecraft:sugar_cane":8,"minecraft:salmon":2,"minecraft:cookie":36,"minecraft:stripped_mangrove_wood":1,"minecraft:crafting_table":13,"minecraft:blast_furnace":2,"minecraft:white_bed":5,"minecraft:cod":5,"minecraft:black_bed":3,"minecraft:oak_log":5,"minecraft:apple":9,"minecraft:oxeye_daisy":1,"minecraft:bread":9,"minecraft:iron_pickaxe":87,"minecraft:gravel":33,"minecraft:stone_axe":37,"minecraft:cobblestone":17,"travelersbackpack:standard":1,"minecraft:porkchop":4,"minecraft:yellow_bed":1,"minecraft:pumpkin_pie":1,"minecraft:oak_boat":7,"alexsmobs:animal_dictionary":1,"minecraft:gray_wool":1},"minecraft:killed":{"alexsmobs:hummingbird":1,"alexsmobs:lobster":1,"minecraft:spider":3,"minecraft:skeleton":11,"minecraft:chicken":6,"minecraft:llama":3,"minecraft:husk":2,"alexsmobs:grizzly_bear":2,"minecraft:salmon":5,"alexsmobs:seal":2,"minecraft:sheep":1,"minecraft:zombie":3,"minecraft:cow":3},"minecraft:broken":{"minecraft:stone_sword":1,"minecraft:stone_pickaxe":1},"minecraft:mined":{"minecraft:spruce_planks":1,"minecraft:white_bed":4,"minecraft:oak_sapling":3,"minecraft:red_nether_bricks":3,"minecraft:dark_oak_fence":2,"minecraft:acacia_log":6,"minecraft:grass_block":19,"minecraft:decorated_pot":1,"minecraft:hay_block":2,"minecraft:furnace":6,"supplementaries:sign_post":1,"minecraft:iron_ore":91,"minecraft:fire":23,"amendments:wall_lantern":1,"minecraft:small_amethyst_bud":1,"minecraft:iron_bars":1,"minecraft:stone":96,"minecraft:stripped_mangrove_wood":1,"minecraft:bone_block":1,"minecraft:dandelion":1,"minecraft:crafting_table":12,"minecraft:cornflower":2,"minecraft:torch":4,"minecraft:blast_furnace":4,"minecraft:emerald_ore":1,"minecraft:calcite":4,"minecraft:campfire":1,"minecraft:tall_grass":1,"minecraft:cobblestone":2,"minecraft:sugar_cane":5,"minecraft:oak_planks":58,"minecraft:bricks":1,"minecraft:diorite":1,"minecraft:wall_torch":1,"minecraft:black_bed":3,"minecraft:yellow_bed":1,"minecraft:grass":16,"minecraft:oak_log":28,"minecraft:coal_ore":48,"minecraft:gravel":35,"minecraft:sand":104,"minecraft:dirt":5,"minecraft:acacia_planks":1,"minecraft:oak_leaves":24},"minecraft:crafted":{"minecraft:oak_planks":792,"minecraft:stone_shovel":1,"minecraft:furnace":3,"minecraft:flint_and_steel":1,"minecraft:glass":59,"minecraft:iron_boots":1,"minecraft:iron_axe":2,"travelersbackpack:gray_sleeping_bag":1,"minecraft:stone_pickaxe":2,"minecraft:chest":2,"minecraft:cooked_beef":7,"minecraft:cooked_cod":21,"minecraft:crafting_table":2,"minecraft:iron_helmet":1,"travelersbackpack:backpack_tank":2,"minecraft:wooden_pickaxe":1,"travelersbackpack:standard":1,"minecraft:iron_sword":1,"minecraft:cooked_salmon":18,"minecraft:stone_axe":1,"minecraft:air":0,"minecraft:oak_boat":2,"minecraft:iron_chestplate":1,"minecraft:shield":2,"minecraft:stick":32,"minecraft:iron_ingot":83,"minecraft:iron_pickaxe":1,"minecraft:stone_sword":1,"minecraft:iron_leggings":1,"minecraft:white_bed":1,"minecraft:torch":44,"minecraft:shears":1}},"DataVersion":3465}